FID_all_Fi,OBJECTID,Cover_Type,Location,FID_all__1,Id,BUFF_DIST,ORIG_FID,Fire,Seedling_p,Additional,Slope
362,364,Woody Shrub,Big Elk,3,0,30,6,Big Elk,Low,"Cliffs, shrubs, mature trees",Steep
366,368,Woody Shrub,Big Elk,3,0,30,6,Big Elk,Low,"Cliffs, shrubs, mature trees",Steep
368,370,Standing Dead,Big Elk,3,0,30,6,Big Elk,Low,"Cliffs, shrubs, mature trees",Steep
369,371,Woody Shrub,Big Elk,3,0,30,6,Big Elk,Low,"Cliffs, shrubs, mature trees",Steep
370,372,Woody Shrub,Big Elk,3,0,30,6,Big Elk,Low,"Cliffs, shrubs, mature trees",Steep
372,374,Woody Shrub,Big Elk,3,0,30,6,Big Elk,Low,"Cliffs, shrubs, mature trees",Steep
374,376,Woody Shrub,Big Elk,3,0,30,6,Big Elk,Low,"Cliffs, shrubs, mature trees",Steep
377,380,Woody Shrub,Big Elk,3,0,30,6,Big Elk,Low,"Cliffs, shrubs, mature trees",Steep
381,386,Woody Shrub,Big Elk,3,0,30,6,Big Elk,Low,"Cliffs, shrubs, mature trees",Steep
383,389,Woody Shrub,Big Elk,3,0,30,6,Big Elk,Low,"Cliffs, shrubs, mature trees",Steep
385,391,Woody Shrub,Big Elk,3,0,30,6,Big Elk,Low,"Cliffs, shrubs, mature trees",Steep
387,393,Woody Shrub,Big Elk,3,0,30,6,Big Elk,Low,"Cliffs, shrubs, mature trees",Steep
388,394,Woody Shrub,Big Elk,3,0,30,6,Big Elk,Low,"Cliffs, shrubs, mature trees",Steep
390,397,Woody Shrub,Big Elk,3,0,30,6,Big Elk,Low,"Cliffs, shrubs, mature trees",Steep
392,399,Woody Shrub,Big Elk,3,0,30,6,Big Elk,Low,"Cliffs, shrubs, mature trees",Steep
394,401,Woody Shrub,Big Elk,3,0,30,6,Big Elk,Low,"Cliffs, shrubs, mature trees",Steep
396,403,Woody Shrub,Big Elk,3,0,30,6,Big Elk,Low,"Cliffs, shrubs, mature trees",Steep
423,431,Evergreen,Big Elk,3,0,30,6,Big Elk,Low,"Cliffs, shrubs, mature trees",Steep
424,432,Evergreen,Big Elk,3,0,30,6,Big Elk,Low,"Cliffs, shrubs, mature trees",Steep
425,433,Evergreen,Big Elk,3,0,30,6,Big Elk,Low,"Cliffs, shrubs, mature trees",Steep
426,434,Evergreen,Big Elk,3,0,30,6,Big Elk,Low,"Cliffs, shrubs, mature trees",Steep
427,435,Evergreen,Big Elk,3,0,30,6,Big Elk,Low,"Cliffs, shrubs, mature trees",Steep
428,436,Evergreen,Big Elk,3,0,30,6,Big Elk,Low,"Cliffs, shrubs, mature trees",Steep
429,438,Deciduous,Big Elk,3,0,30,6,Big Elk,Low,"Cliffs, shrubs, mature trees",Steep
430,439,Deciduous,Big Elk,3,0,30,6,Big Elk,Low,"Cliffs, shrubs, mature trees",Steep
431,440,Evergreen,Big Elk,3,0,30,6,Big Elk,Low,"Cliffs, shrubs, mature trees",Steep
432,441,Evergreen,Big Elk,3,0,30,6,Big Elk,Low,"Cliffs, shrubs, mature trees",Steep
433,442,Deciduous,Big Elk,3,0,30,6,Big Elk,Low,"Cliffs, shrubs, mature trees",Steep
434,443,Evergreen,Big Elk,3,0,30,6,Big Elk,Low,"Cliffs, shrubs, mature trees",Steep
435,444,Evergreen,Big Elk,3,0,30,6,Big Elk,Low,"Cliffs, shrubs, mature trees",Steep
436,445,Evergreen,Big Elk,3,0,30,6,Big Elk,Low,"Cliffs, shrubs, mature trees",Steep
437,446,Evergreen,Big Elk,3,0,30,6,Big Elk,Low,"Cliffs, shrubs, mature trees",Steep
438,447,Evergreen,Big Elk,3,0,30,6,Big Elk,Low,"Cliffs, shrubs, mature trees",Steep
439,448,Evergreen,Big Elk,3,0,30,6,Big Elk,Low,"Cliffs, shrubs, mature trees",Steep
440,449,Evergreen,Big Elk,3,0,30,6,Big Elk,Low,"Cliffs, shrubs, mature trees",Steep
441,450,Evergreen,Big Elk,3,0,30,6,Big Elk,Low,"Cliffs, shrubs, mature trees",Steep
442,451,Evergreen,Big Elk,3,0,30,6,Big Elk,Low,"Cliffs, shrubs, mature trees",Steep
443,452,Evergreen,Big Elk,3,0,30,6,Big Elk,Low,"Cliffs, shrubs, mature trees",Steep
444,453,Evergreen,Big Elk,3,0,30,6,Big Elk,Low,"Cliffs, shrubs, mature trees",Steep
445,454,Evergreen,Big Elk,3,0,30,6,Big Elk,Low,"Cliffs, shrubs, mature trees",Steep
446,455,Evergreen,Big Elk,3,0,30,6,Big Elk,Low,"Cliffs, shrubs, mature trees",Steep
447,456,Evergreen,Big Elk,3,0,30,6,Big Elk,Low,"Cliffs, shrubs, mature trees",Steep
448,457,Evergreen,Big Elk,3,0,30,6,Big Elk,Low,"Cliffs, shrubs, mature trees",Steep
449,458,Evergreen,Big Elk,3,0,30,6,Big Elk,Low,"Cliffs, shrubs, mature trees",Steep
450,459,Evergreen,Big Elk,3,0,30,6,Big Elk,Low,"Cliffs, shrubs, mature trees",Steep
451,460,Evergreen,Big Elk,3,0,30,6,Big Elk,Low,"Cliffs, shrubs, mature trees",Steep
452,461,Evergreen,Big Elk,3,0,30,6,Big Elk,Low,"Cliffs, shrubs, mature trees",Steep
453,462,Deciduous,Big Elk,3,0,30,6,Big Elk,Low,"Cliffs, shrubs, mature trees",Steep
454,463,Evergreen,Big Elk,3,0,30,6,Big Elk,Low,"Cliffs, shrubs, mature trees",Steep
455,464,Woody Shrub,Big Elk,3,0,30,6,Big Elk,Low,"Cliffs, shrubs, mature trees",Steep
456,465,Woody Shrub,Big Elk,3,0,30,6,Big Elk,Low,"Cliffs, shrubs, mature trees",Steep
457,466,Woody Shrub,Big Elk,3,0,30,6,Big Elk,Low,"Cliffs, shrubs, mature trees",Steep
458,467,Woody Shrub,Big Elk,3,0,30,6,Big Elk,Low,"Cliffs, shrubs, mature trees",Steep
323,324,Standing Dead,Big Elk,2,0,30,5,Big Elk,Moderate,"Downed trees, rocks, shrubs",Steep
324,325,Evergreen,Big Elk,2,0,30,5,Big Elk,Moderate,"Downed trees, rocks, shrubs",Steep
325,326,Standing Dead,Big Elk,2,0,30,5,Big Elk,Moderate,"Downed trees, rocks, shrubs",Steep
326,327,Standing Dead,Big Elk,2,0,30,5,Big Elk,Moderate,"Downed trees, rocks, shrubs",Steep
327,328,Evergreen,Big Elk,2,0,30,5,Big Elk,Moderate,"Downed trees, rocks, shrubs",Steep
328,329,Standing Dead,Big Elk,2,0,30,5,Big Elk,Moderate,"Downed trees, rocks, shrubs",Steep
329,330,Evergreen,Big Elk,2,0,30,5,Big Elk,Moderate,"Downed trees, rocks, shrubs",Steep
330,331,Standing Dead,Big Elk,2,0,30,5,Big Elk,Moderate,"Downed trees, rocks, shrubs",Steep
331,332,Evergreen,Big Elk,2,0,30,5,Big Elk,Moderate,"Downed trees, rocks, shrubs",Steep
332,333,Standing Dead,Big Elk,2,0,30,5,Big Elk,Moderate,"Downed trees, rocks, shrubs",Steep
333,334,Evergreen,Big Elk,2,0,30,5,Big Elk,Moderate,"Downed trees, rocks, shrubs",Steep
334,335,Standing Dead,Big Elk,2,0,30,5,Big Elk,Moderate,"Downed trees, rocks, shrubs",Steep
335,336,Standing Dead,Big Elk,2,0,30,5,Big Elk,Moderate,"Downed trees, rocks, shrubs",Steep
336,337,Standing Dead,Big Elk,2,0,30,5,Big Elk,Moderate,"Downed trees, rocks, shrubs",Steep
337,338,Evergreen,Big Elk,2,0,30,5,Big Elk,Moderate,"Downed trees, rocks, shrubs",Steep
338,339,Standing Dead,Big Elk,2,0,30,5,Big Elk,Moderate,"Downed trees, rocks, shrubs",Steep
339,340,Evergreen,Big Elk,2,0,30,5,Big Elk,Moderate,"Downed trees, rocks, shrubs",Steep
340,341,Evergreen,Big Elk,2,0,30,5,Big Elk,Moderate,"Downed trees, rocks, shrubs",Steep
341,342,Standing Dead,Big Elk,2,0,30,5,Big Elk,Moderate,"Downed trees, rocks, shrubs",Steep
342,343,Standing Dead,Big Elk,2,0,30,5,Big Elk,Moderate,"Downed trees, rocks, shrubs",Steep
343,344,Evergreen,Big Elk,2,0,30,5,Big Elk,Moderate,"Downed trees, rocks, shrubs",Steep
344,345,Evergreen,Big Elk,2,0,30,5,Big Elk,Moderate,"Downed trees, rocks, shrubs",Steep
345,346,Evergreen,Big Elk,2,0,30,5,Big Elk,Moderate,"Downed trees, rocks, shrubs",Steep
346,347,Woody Shrub,Big Elk,2,0,30,5,Big Elk,Moderate,"Downed trees, rocks, shrubs",Steep
347,348,Evergreen,Big Elk,2,0,30,5,Big Elk,Moderate,"Downed trees, rocks, shrubs",Steep
348,349,Woody Shrub,Big Elk,2,0,30,5,Big Elk,Moderate,"Downed trees, rocks, shrubs",Steep
349,350,Evergreen,Big Elk,2,0,30,5,Big Elk,Moderate,"Downed trees, rocks, shrubs",Steep
350,351,Woody Shrub,Big Elk,2,0,30,5,Big Elk,Moderate,"Downed trees, rocks, shrubs",Steep
351,352,Evergreen,Big Elk,2,0,30,5,Big Elk,Moderate,"Downed trees, rocks, shrubs",Steep
352,353,Woody Shrub,Big Elk,2,0,30,5,Big Elk,Moderate,"Downed trees, rocks, shrubs",Steep
353,354,Woody Shrub,Big Elk,2,0,30,5,Big Elk,Moderate,"Downed trees, rocks, shrubs",Steep
354,355,Woody Shrub,Big Elk,2,0,30,5,Big Elk,Moderate,"Downed trees, rocks, shrubs",Steep
355,356,Woody Shrub,Big Elk,2,0,30,5,Big Elk,Moderate,"Downed trees, rocks, shrubs",Steep
356,358,Evergreen,Big Elk,2,0,30,5,Big Elk,Moderate,"Downed trees, rocks, shrubs",Steep
357,359,Woody Shrub,Big Elk,2,0,30,5,Big Elk,Moderate,"Downed trees, rocks, shrubs",Steep
358,360,Woody Shrub,Big Elk,2,0,30,5,Big Elk,Moderate,"Downed trees, rocks, shrubs",Steep
359,361,Woody Shrub,Big Elk,2,0,30,5,Big Elk,Moderate,"Downed trees, rocks, shrubs",Steep
360,362,Woody Shrub,Big Elk,2,0,30,5,Big Elk,Moderate,"Downed trees, rocks, shrubs",Steep
361,363,Evergreen,Big Elk,2,0,30,5,Big Elk,Moderate,"Downed trees, rocks, shrubs",Steep
363,365,Evergreen,Big Elk,2,0,30,5,Big Elk,Moderate,"Downed trees, rocks, shrubs",Steep
364,366,Evergreen,Big Elk,2,0,30,5,Big Elk,Moderate,"Downed trees, rocks, shrubs",Steep
365,367,Evergreen,Big Elk,2,0,30,5,Big Elk,Moderate,"Downed trees, rocks, shrubs",Steep
367,369,Evergreen,Big Elk,2,0,30,5,Big Elk,Moderate,"Downed trees, rocks, shrubs",Steep
371,373,Evergreen,Big Elk,2,0,30,5,Big Elk,Moderate,"Downed trees, rocks, shrubs",Steep
373,375,Evergreen,Big Elk,2,0,30,5,Big Elk,Moderate,"Downed trees, rocks, shrubs",Steep
375,377,Evergreen,Big Elk,2,0,30,5,Big Elk,Moderate,"Downed trees, rocks, shrubs",Steep
376,379,Woody Shrub,Big Elk,2,0,30,5,Big Elk,Moderate,"Downed trees, rocks, shrubs",Steep
378,382,Evergreen,Big Elk,2,0,30,5,Big Elk,Moderate,"Downed trees, rocks, shrubs",Steep
379,384,Evergreen,Big Elk,2,0,30,5,Big Elk,Moderate,"Downed trees, rocks, shrubs",Steep
380,385,Woody Shrub,Big Elk,2,0,30,5,Big Elk,Moderate,"Downed trees, rocks, shrubs",Steep
382,388,Evergreen,Big Elk,2,0,30,5,Big Elk,Moderate,"Downed trees, rocks, shrubs",Steep
384,390,Woody Shrub,Big Elk,2,0,30,5,Big Elk,Moderate,"Downed trees, rocks, shrubs",Steep
386,392,Evergreen,Big Elk,2,0,30,5,Big Elk,Moderate,"Downed trees, rocks, shrubs",Steep
389,396,Deciduous,Big Elk,2,0,30,5,Big Elk,Moderate,"Downed trees, rocks, shrubs",Steep
391,398,Evergreen,Big Elk,2,0,30,5,Big Elk,Moderate,"Downed trees, rocks, shrubs",Steep
393,400,Evergreen,Big Elk,2,0,30,5,Big Elk,Moderate,"Downed trees, rocks, shrubs",Steep
395,402,Evergreen,Big Elk,2,0,30,5,Big Elk,Moderate,"Downed trees, rocks, shrubs",Steep
397,404,Evergreen,Big Elk,2,0,30,5,Big Elk,Moderate,"Downed trees, rocks, shrubs",Steep
398,405,Evergreen,Big Elk,2,0,30,5,Big Elk,Moderate,"Downed trees, rocks, shrubs",Steep
399,406,Evergreen,Big Elk,2,0,30,5,Big Elk,Moderate,"Downed trees, rocks, shrubs",Steep
400,407,Deciduous,Big Elk,2,0,30,5,Big Elk,Moderate,"Downed trees, rocks, shrubs",Steep
401,408,Deciduous,Big Elk,2,0,30,5,Big Elk,Moderate,"Downed trees, rocks, shrubs",Steep
402,409,Evergreen,Big Elk,2,0,30,5,Big Elk,Moderate,"Downed trees, rocks, shrubs",Steep
403,410,Evergreen,Big Elk,2,0,30,5,Big Elk,Moderate,"Downed trees, rocks, shrubs",Steep
404,411,Evergreen,Big Elk,2,0,30,5,Big Elk,Moderate,"Downed trees, rocks, shrubs",Steep
405,412,Evergreen,Big Elk,2,0,30,5,Big Elk,Moderate,"Downed trees, rocks, shrubs",Steep
406,413,Evergreen,Big Elk,2,0,30,5,Big Elk,Moderate,"Downed trees, rocks, shrubs",Steep
407,414,Evergreen,Big Elk,2,0,30,5,Big Elk,Moderate,"Downed trees, rocks, shrubs",Steep
408,415,Evergreen,Big Elk,2,0,30,5,Big Elk,Moderate,"Downed trees, rocks, shrubs",Steep
409,416,Evergreen,Big Elk,2,0,30,5,Big Elk,Moderate,"Downed trees, rocks, shrubs",Steep
410,417,Evergreen,Big Elk,2,0,30,5,Big Elk,Moderate,"Downed trees, rocks, shrubs",Steep
411,418,Evergreen,Big Elk,2,0,30,5,Big Elk,Moderate,"Downed trees, rocks, shrubs",Steep
412,419,Evergreen,Big Elk,2,0,30,5,Big Elk,Moderate,"Downed trees, rocks, shrubs",Steep
413,420,Woody Shrub,Big Elk,2,0,30,5,Big Elk,Moderate,"Downed trees, rocks, shrubs",Steep
414,421,Evergreen,Big Elk,2,0,30,5,Big Elk,Moderate,"Downed trees, rocks, shrubs",Steep
415,422,Evergreen,Big Elk,2,0,30,5,Big Elk,Moderate,"Downed trees, rocks, shrubs",Steep
416,423,Evergreen,Big Elk,2,0,30,5,Big Elk,Moderate,"Downed trees, rocks, shrubs",Steep
417,424,Evergreen,Big Elk,2,0,30,5,Big Elk,Moderate,"Downed trees, rocks, shrubs",Steep
418,425,Evergreen,Big Elk,2,0,30,5,Big Elk,Moderate,"Downed trees, rocks, shrubs",Steep
419,426,Evergreen,Big Elk,2,0,30,5,Big Elk,Moderate,"Downed trees, rocks, shrubs",Steep
420,427,Evergreen,Big Elk,2,0,30,5,Big Elk,Moderate,"Downed trees, rocks, shrubs",Steep
421,428,Evergreen,Big Elk,2,0,30,5,Big Elk,Moderate,"Downed trees, rocks, shrubs",Steep
422,429,Evergreen,Big Elk,2,0,30,5,Big Elk,Moderate,"Downed trees, rocks, shrubs",Steep
816,836,Woody Shrub,Schoonover,6,0,30,9,Schoonover,Low,"Downed trees, mature trees",Flat
817,837,Woody Shrub,Schoonover,6,0,30,9,Schoonover,Low,"Downed trees, mature trees",Flat
818,838,Woody Shrub,Schoonover,6,0,30,9,Schoonover,Low,"Downed trees, mature trees",Flat
819,839,Woody Shrub,Schoonover,6,0,30,9,Schoonover,Low,"Downed trees, mature trees",Flat
820,840,Woody Shrub,Schoonover,6,0,30,9,Schoonover,Low,"Downed trees, mature trees",Flat
821,841,Woody Shrub,Schoonover,6,0,30,9,Schoonover,Low,"Downed trees, mature trees",Flat
822,842,Woody Shrub,Schoonover,6,0,30,9,Schoonover,Low,"Downed trees, mature trees",Flat
823,843,Woody Shrub,Schoonover,6,0,30,9,Schoonover,Low,"Downed trees, mature trees",Flat
824,844,Woody Shrub,Schoonover,6,0,30,9,Schoonover,Low,"Downed trees, mature trees",Flat
825,845,Woody Shrub,Schoonover,6,0,30,9,Schoonover,Low,"Downed trees, mature trees",Flat
826,846,Woody Shrub,Schoonover,6,0,30,9,Schoonover,Low,"Downed trees, mature trees",Flat
827,847,Woody Shrub,Schoonover,6,0,30,9,Schoonover,Low,"Downed trees, mature trees",Flat
828,848,Woody Shrub,Schoonover,6,0,30,9,Schoonover,Low,"Downed trees, mature trees",Flat
829,849,Woody Shrub,Schoonover,6,0,30,9,Schoonover,Low,"Downed trees, mature trees",Flat
830,850,Woody Shrub,Schoonover,6,0,30,9,Schoonover,Low,"Downed trees, mature trees",Flat
831,851,Woody Shrub,Schoonover,6,0,30,9,Schoonover,Low,"Downed trees, mature trees",Flat
832,852,Woody Shrub,Schoonover,6,0,30,9,Schoonover,Low,"Downed trees, mature trees",Flat
833,853,Woody Shrub,Schoonover,6,0,30,9,Schoonover,Low,"Downed trees, mature trees",Flat
834,854,Woody Shrub,Schoonover,6,0,30,9,Schoonover,Low,"Downed trees, mature trees",Flat
835,855,Woody Shrub,Schoonover,6,0,30,9,Schoonover,Low,"Downed trees, mature trees",Flat
934,954,Evergreen,Schoonover,6,0,30,9,Schoonover,Low,"Downed trees, mature trees",Flat
935,955,Standing Dead,Schoonover,6,0,30,9,Schoonover,Low,"Downed trees, mature trees",Flat
936,956,Evergreen,Schoonover,6,0,30,9,Schoonover,Low,"Downed trees, mature trees",Flat
937,957,Evergreen,Schoonover,6,0,30,9,Schoonover,Low,"Downed trees, mature trees",Flat
938,958,Evergreen,Schoonover,6,0,30,9,Schoonover,Low,"Downed trees, mature trees",Flat
939,959,Evergreen,Schoonover,6,0,30,9,Schoonover,Low,"Downed trees, mature trees",Flat
940,960,Evergreen,Schoonover,6,0,30,9,Schoonover,Low,"Downed trees, mature trees",Flat
941,961,Evergreen,Schoonover,6,0,30,9,Schoonover,Low,"Downed trees, mature trees",Flat
942,962,Evergreen,Schoonover,6,0,30,9,Schoonover,Low,"Downed trees, mature trees",Flat
943,963,Evergreen,Schoonover,6,0,30,9,Schoonover,Low,"Downed trees, mature trees",Flat
944,964,Standing Dead,Schoonover,6,0,30,9,Schoonover,Low,"Downed trees, mature trees",Flat
945,965,Evergreen,Schoonover,6,0,30,9,Schoonover,Low,"Downed trees, mature trees",Flat
946,966,Evergreen,Schoonover,6,0,30,9,Schoonover,Low,"Downed trees, mature trees",Flat
947,967,Evergreen,Schoonover,6,0,30,9,Schoonover,Low,"Downed trees, mature trees",Flat
948,968,Standing Dead,Schoonover,6,0,30,9,Schoonover,Low,"Downed trees, mature trees",Flat
949,969,Evergreen,Schoonover,6,0,30,9,Schoonover,Low,"Downed trees, mature trees",Flat
950,970,Evergreen,Schoonover,6,0,30,9,Schoonover,Low,"Downed trees, mature trees",Flat
951,971,Evergreen,Schoonover,6,0,30,9,Schoonover,Low,"Downed trees, mature trees",Flat
952,972,Evergreen,Schoonover,6,0,30,9,Schoonover,Low,"Downed trees, mature trees",Flat
953,973,Evergreen,Schoonover,6,0,30,9,Schoonover,Low,"Downed trees, mature trees",Flat
954,974,Evergreen,Schoonover,6,0,30,9,Schoonover,Low,"Downed trees, mature trees",Flat
955,975,Evergreen,Schoonover,6,0,30,9,Schoonover,Low,"Downed trees, mature trees",Flat
956,976,Evergreen,Schoonover,6,0,30,9,Schoonover,Low,"Downed trees, mature trees",Flat
957,977,Standing Dead,Schoonover,6,0,30,9,Schoonover,Low,"Downed trees, mature trees",Flat
958,978,Standing Dead,Schoonover,6,0,30,9,Schoonover,Low,"Downed trees, mature trees",Flat
959,979,Evergreen,Schoonover,6,0,30,9,Schoonover,Low,"Downed trees, mature trees",Flat
960,980,Evergreen,Schoonover,6,0,30,9,Schoonover,Low,"Downed trees, mature trees",Flat
961,981,Standing Dead,Schoonover,6,0,30,9,Schoonover,Low,"Downed trees, mature trees",Flat
962,982,Evergreen,Schoonover,6,0,30,9,Schoonover,Low,"Downed trees, mature trees",Flat
963,983,Evergreen,Schoonover,6,0,30,9,Schoonover,Low,"Downed trees, mature trees",Flat
964,984,Evergreen,Schoonover,6,0,30,9,Schoonover,Low,"Downed trees, mature trees",Flat
965,985,Evergreen,Schoonover,6,0,30,9,Schoonover,Low,"Downed trees, mature trees",Flat
966,986,Woody Shrub,Schoonover,6,0,30,9,Schoonover,Low,"Downed trees, mature trees",Flat
967,987,Woody Shrub,Schoonover,6,0,30,9,Schoonover,Low,"Downed trees, mature trees",Flat
968,988,Woody Shrub,Schoonover,6,0,30,9,Schoonover,Low,"Downed trees, mature trees",Flat
969,989,Woody Shrub,Schoonover,6,0,30,9,Schoonover,Low,"Downed trees, mature trees",Flat
970,990,Woody Shrub,Schoonover,6,0,30,9,Schoonover,Low,"Downed trees, mature trees",Flat
971,991,Woody Shrub,Schoonover,6,0,30,9,Schoonover,Low,"Downed trees, mature trees",Flat
972,992,Woody Shrub,Schoonover,6,0,30,9,Schoonover,Low,"Downed trees, mature trees",Flat
973,993,Woody Shrub,Schoonover,6,0,30,9,Schoonover,Low,"Downed trees, mature trees",Flat
974,994,Woody Shrub,Schoonover,6,0,30,9,Schoonover,Low,"Downed trees, mature trees",Flat
933,953,Evergreen,Schoonover,8,0,30,11,Schoonover,Extremely low,Downed trees,Moderate
836,856,Woody Shrub,Schoonover,7,0,30,10,Schoonover,Moderate,"Downed trees, mature trees, standing dead",Moderate
837,857,Woody Shrub,Schoonover,7,0,30,10,Schoonover,Moderate,"Downed trees, mature trees, standing dead",Moderate
838,858,Woody Shrub,Schoonover,7,0,30,10,Schoonover,Moderate,"Downed trees, mature trees, standing dead",Moderate
839,859,Woody Shrub,Schoonover,7,0,30,10,Schoonover,Moderate,"Downed trees, mature trees, standing dead",Moderate
840,860,Woody Shrub,Schoonover,7,0,30,10,Schoonover,Moderate,"Downed trees, mature trees, standing dead",Moderate
841,861,Woody Shrub,Schoonover,7,0,30,10,Schoonover,Moderate,"Downed trees, mature trees, standing dead",Moderate
842,862,Woody Shrub,Schoonover,7,0,30,10,Schoonover,Moderate,"Downed trees, mature trees, standing dead",Moderate
843,863,Woody Shrub,Schoonover,7,0,30,10,Schoonover,Moderate,"Downed trees, mature trees, standing dead",Moderate
844,864,Woody Shrub,Schoonover,7,0,30,10,Schoonover,Moderate,"Downed trees, mature trees, standing dead",Moderate
845,865,Woody Shrub,Schoonover,7,0,30,10,Schoonover,Moderate,"Downed trees, mature trees, standing dead",Moderate
846,866,Woody Shrub,Schoonover,7,0,30,10,Schoonover,Moderate,"Downed trees, mature trees, standing dead",Moderate
847,867,Woody Shrub,Schoonover,7,0,30,10,Schoonover,Moderate,"Downed trees, mature trees, standing dead",Moderate
848,868,Woody Shrub,Schoonover,7,0,30,10,Schoonover,Moderate,"Downed trees, mature trees, standing dead",Moderate
849,869,Woody Shrub,Schoonover,7,0,30,10,Schoonover,Moderate,"Downed trees, mature trees, standing dead",Moderate
850,870,Woody Shrub,Schoonover,7,0,30,10,Schoonover,Moderate,"Downed trees, mature trees, standing dead",Moderate
851,871,Woody Shrub,Schoonover,7,0,30,10,Schoonover,Moderate,"Downed trees, mature trees, standing dead",Moderate
852,872,Woody Shrub,Schoonover,7,0,30,10,Schoonover,Moderate,"Downed trees, mature trees, standing dead",Moderate
853,873,Woody Shrub,Schoonover,7,0,30,10,Schoonover,Moderate,"Downed trees, mature trees, standing dead",Moderate
854,874,Woody Shrub,Schoonover,7,0,30,10,Schoonover,Moderate,"Downed trees, mature trees, standing dead",Moderate
855,875,Woody Shrub,Schoonover,7,0,30,10,Schoonover,Moderate,"Downed trees, mature trees, standing dead",Moderate
856,876,Woody Shrub,Schoonover,7,0,30,10,Schoonover,Moderate,"Downed trees, mature trees, standing dead",Moderate
857,877,Woody Shrub,Schoonover,7,0,30,10,Schoonover,Moderate,"Downed trees, mature trees, standing dead",Moderate
975,995,Evergreen,Schoonover,7,0,30,10,Schoonover,Moderate,"Downed trees, mature trees, standing dead",Moderate
976,996,Evergreen,Schoonover,7,0,30,10,Schoonover,Moderate,"Downed trees, mature trees, standing dead",Moderate
977,997,Evergreen,Schoonover,7,0,30,10,Schoonover,Moderate,"Downed trees, mature trees, standing dead",Moderate
978,998,Evergreen,Schoonover,7,0,30,10,Schoonover,Moderate,"Downed trees, mature trees, standing dead",Moderate
979,999,Evergreen,Schoonover,7,0,30,10,Schoonover,Moderate,"Downed trees, mature trees, standing dead",Moderate
980,1000,Evergreen,Schoonover,7,0,30,10,Schoonover,Moderate,"Downed trees, mature trees, standing dead",Moderate
981,1001,Evergreen,Schoonover,7,0,30,10,Schoonover,Moderate,"Downed trees, mature trees, standing dead",Moderate
982,1002,Standing Dead,Schoonover,7,0,30,10,Schoonover,Moderate,"Downed trees, mature trees, standing dead",Moderate
983,1003,Standing Dead,Schoonover,7,0,30,10,Schoonover,Moderate,"Downed trees, mature trees, standing dead",Moderate
984,1004,Standing Dead,Schoonover,7,0,30,10,Schoonover,Moderate,"Downed trees, mature trees, standing dead",Moderate
985,1005,Evergreen,Schoonover,7,0,30,10,Schoonover,Moderate,"Downed trees, mature trees, standing dead",Moderate
986,1006,Evergreen,Schoonover,7,0,30,10,Schoonover,Moderate,"Downed trees, mature trees, standing dead",Moderate
987,1007,Standing Dead,Schoonover,7,0,30,10,Schoonover,Moderate,"Downed trees, mature trees, standing dead",Moderate
988,1008,Evergreen,Schoonover,7,0,30,10,Schoonover,Moderate,"Downed trees, mature trees, standing dead",Moderate
989,1009,Standing Dead,Schoonover,7,0,30,10,Schoonover,Moderate,"Downed trees, mature trees, standing dead",Moderate
990,1010,Evergreen,Schoonover,7,0,30,10,Schoonover,Moderate,"Downed trees, mature trees, standing dead",Moderate
991,1011,Evergreen,Schoonover,7,0,30,10,Schoonover,Moderate,"Downed trees, mature trees, standing dead",Moderate
992,1012,Evergreen,Schoonover,7,0,30,10,Schoonover,Moderate,"Downed trees, mature trees, standing dead",Moderate
993,1013,Evergreen,Schoonover,7,0,30,10,Schoonover,Moderate,"Downed trees, mature trees, standing dead",Moderate
994,1014,Evergreen,Schoonover,7,0,30,10,Schoonover,Moderate,"Downed trees, mature trees, standing dead",Moderate
995,1015,Evergreen,Schoonover,7,0,30,10,Schoonover,Moderate,"Downed trees, mature trees, standing dead",Moderate
996,1016,Evergreen,Schoonover,7,0,30,10,Schoonover,Moderate,"Downed trees, mature trees, standing dead",Moderate
997,1017,Evergreen,Schoonover,7,0,30,10,Schoonover,Moderate,"Downed trees, mature trees, standing dead",Moderate
998,1018,Evergreen,Schoonover,7,0,30,10,Schoonover,Moderate,"Downed trees, mature trees, standing dead",Moderate
999,1019,Evergreen,Schoonover,7,0,30,10,Schoonover,Moderate,"Downed trees, mature trees, standing dead",Moderate
1000,1020,Evergreen,Schoonover,7,0,30,10,Schoonover,Moderate,"Downed trees, mature trees, standing dead",Moderate
1001,1021,Evergreen,Schoonover,7,0,30,10,Schoonover,Moderate,"Downed trees, mature trees, standing dead",Moderate
1003,1023,Standing Dead,Schoonover,7,0,30,10,Schoonover,Moderate,"Downed trees, mature trees, standing dead",Moderate
1004,1024,Standing Dead,Schoonover,7,0,30,10,Schoonover,Moderate,"Downed trees, mature trees, standing dead",Moderate
1005,1025,Evergreen,Schoonover,7,0,30,10,Schoonover,Moderate,"Downed trees, mature trees, standing dead",Moderate
1006,1026,Evergreen,Schoonover,7,0,30,10,Schoonover,Moderate,"Downed trees, mature trees, standing dead",Moderate
1007,1027,Evergreen,Schoonover,7,0,30,10,Schoonover,Moderate,"Downed trees, mature trees, standing dead",Moderate
1008,1028,Evergreen,Schoonover,7,0,30,10,Schoonover,Moderate,"Downed trees, mature trees, standing dead",Moderate
1009,1029,Woody Shrub,Schoonover,7,0,30,10,Schoonover,Moderate,"Downed trees, mature trees, standing dead",Moderate
1010,1030,Woody Shrub,Schoonover,7,0,30,10,Schoonover,Moderate,"Downed trees, mature trees, standing dead",Moderate
1011,1031,Woody Shrub,Schoonover,7,0,30,10,Schoonover,Moderate,"Downed trees, mature trees, standing dead",Moderate
1012,1032,Woody Shrub,Schoonover,7,0,30,10,Schoonover,Moderate,"Downed trees, mature trees, standing dead",Moderate
1013,1033,Woody Shrub,Schoonover,7,0,30,10,Schoonover,Moderate,"Downed trees, mature trees, standing dead",Moderate
1014,1034,Woody Shrub,Schoonover,7,0,30,10,Schoonover,Moderate,"Downed trees, mature trees, standing dead",Moderate
1015,1035,Standing Dead,Schoonover,7,0,30,10,Schoonover,Moderate,"Downed trees, mature trees, standing dead",Moderate
778,798,Woody Shrub,Schoonover,5,0,30,8,Schoonover,High,"Downed trees, shrubs, standing dead",Moderate
779,799,Woody Shrub,Schoonover,5,0,30,8,Schoonover,High,"Downed trees, shrubs, standing dead",Moderate
780,800,Woody Shrub,Schoonover,5,0,30,8,Schoonover,High,"Downed trees, shrubs, standing dead",Moderate
781,801,Woody Shrub,Schoonover,5,0,30,8,Schoonover,High,"Downed trees, shrubs, standing dead",Moderate
782,802,Woody Shrub,Schoonover,5,0,30,8,Schoonover,High,"Downed trees, shrubs, standing dead",Moderate
783,803,Woody Shrub,Schoonover,5,0,30,8,Schoonover,High,"Downed trees, shrubs, standing dead",Moderate
784,804,Woody Shrub,Schoonover,5,0,30,8,Schoonover,High,"Downed trees, shrubs, standing dead",Moderate
785,805,Woody Shrub,Schoonover,5,0,30,8,Schoonover,High,"Downed trees, shrubs, standing dead",Moderate
786,806,Woody Shrub,Schoonover,5,0,30,8,Schoonover,High,"Downed trees, shrubs, standing dead",Moderate
787,807,Woody Shrub,Schoonover,5,0,30,8,Schoonover,High,"Downed trees, shrubs, standing dead",Moderate
788,808,Woody Shrub,Schoonover,5,0,30,8,Schoonover,High,"Downed trees, shrubs, standing dead",Moderate
789,809,Woody Shrub,Schoonover,5,0,30,8,Schoonover,High,"Downed trees, shrubs, standing dead",Moderate
790,810,Woody Shrub,Schoonover,5,0,30,8,Schoonover,High,"Downed trees, shrubs, standing dead",Moderate
791,811,Woody Shrub,Schoonover,5,0,30,8,Schoonover,High,"Downed trees, shrubs, standing dead",Moderate
792,812,Woody Shrub,Schoonover,5,0,30,8,Schoonover,High,"Downed trees, shrubs, standing dead",Moderate
793,813,Woody Shrub,Schoonover,5,0,30,8,Schoonover,High,"Downed trees, shrubs, standing dead",Moderate
794,814,Woody Shrub,Schoonover,5,0,30,8,Schoonover,High,"Downed trees, shrubs, standing dead",Moderate
795,815,Woody Shrub,Schoonover,5,0,30,8,Schoonover,High,"Downed trees, shrubs, standing dead",Moderate
796,816,Woody Shrub,Schoonover,5,0,30,8,Schoonover,High,"Downed trees, shrubs, standing dead",Moderate
797,817,Woody Shrub,Schoonover,5,0,30,8,Schoonover,High,"Downed trees, shrubs, standing dead",Moderate
798,818,Woody Shrub,Schoonover,5,0,30,8,Schoonover,High,"Downed trees, shrubs, standing dead",Moderate
799,819,Woody Shrub,Schoonover,5,0,30,8,Schoonover,High,"Downed trees, shrubs, standing dead",Moderate
800,820,Woody Shrub,Schoonover,5,0,30,8,Schoonover,High,"Downed trees, shrubs, standing dead",Moderate
801,821,Woody Shrub,Schoonover,5,0,30,8,Schoonover,High,"Downed trees, shrubs, standing dead",Moderate
802,822,Woody Shrub,Schoonover,5,0,30,8,Schoonover,High,"Downed trees, shrubs, standing dead",Moderate
803,823,Woody Shrub,Schoonover,5,0,30,8,Schoonover,High,"Downed trees, shrubs, standing dead",Moderate
804,824,Woody Shrub,Schoonover,5,0,30,8,Schoonover,High,"Downed trees, shrubs, standing dead",Moderate
805,825,Woody Shrub,Schoonover,5,0,30,8,Schoonover,High,"Downed trees, shrubs, standing dead",Moderate
806,826,Woody Shrub,Schoonover,5,0,30,8,Schoonover,High,"Downed trees, shrubs, standing dead",Moderate
807,827,Woody Shrub,Schoonover,5,0,30,8,Schoonover,High,"Downed trees, shrubs, standing dead",Moderate
808,828,Woody Shrub,Schoonover,5,0,30,8,Schoonover,High,"Downed trees, shrubs, standing dead",Moderate
809,829,Woody Shrub,Schoonover,5,0,30,8,Schoonover,High,"Downed trees, shrubs, standing dead",Moderate
810,830,Woody Shrub,Schoonover,5,0,30,8,Schoonover,High,"Downed trees, shrubs, standing dead",Moderate
811,831,Woody Shrub,Schoonover,5,0,30,8,Schoonover,High,"Downed trees, shrubs, standing dead",Moderate
812,832,Woody Shrub,Schoonover,5,0,30,8,Schoonover,High,"Downed trees, shrubs, standing dead",Moderate
813,833,Woody Shrub,Schoonover,5,0,30,8,Schoonover,High,"Downed trees, shrubs, standing dead",Moderate
814,834,Woody Shrub,Schoonover,5,0,30,8,Schoonover,High,"Downed trees, shrubs, standing dead",Moderate
815,835,Woody Shrub,Schoonover,5,0,30,8,Schoonover,High,"Downed trees, shrubs, standing dead",Moderate
858,878,Standing Dead,Schoonover,5,0,30,8,Schoonover,High,"Downed trees, shrubs, standing dead",Moderate
859,879,Standing Dead,Schoonover,5,0,30,8,Schoonover,High,"Downed trees, shrubs, standing dead",Moderate
860,880,Standing Dead,Schoonover,5,0,30,8,Schoonover,High,"Downed trees, shrubs, standing dead",Moderate
861,881,Standing Dead,Schoonover,5,0,30,8,Schoonover,High,"Downed trees, shrubs, standing dead",Moderate
862,882,Evergreen,Schoonover,5,0,30,8,Schoonover,High,"Downed trees, shrubs, standing dead",Moderate
863,883,Evergreen,Schoonover,5,0,30,8,Schoonover,High,"Downed trees, shrubs, standing dead",Moderate
864,884,Evergreen,Schoonover,5,0,30,8,Schoonover,High,"Downed trees, shrubs, standing dead",Moderate
865,885,Standing Dead,Schoonover,5,0,30,8,Schoonover,High,"Downed trees, shrubs, standing dead",Moderate
866,886,Standing Dead,Schoonover,5,0,30,8,Schoonover,High,"Downed trees, shrubs, standing dead",Moderate
867,887,Standing Dead,Schoonover,5,0,30,8,Schoonover,High,"Downed trees, shrubs, standing dead",Moderate
868,888,Standing Dead,Schoonover,5,0,30,8,Schoonover,High,"Downed trees, shrubs, standing dead",Moderate
869,889,Standing Dead,Schoonover,5,0,30,8,Schoonover,High,"Downed trees, shrubs, standing dead",Moderate
870,890,Standing Dead,Schoonover,5,0,30,8,Schoonover,High,"Downed trees, shrubs, standing dead",Moderate
871,891,Standing Dead,Schoonover,5,0,30,8,Schoonover,High,"Downed trees, shrubs, standing dead",Moderate
872,892,Evergreen,Schoonover,5,0,30,8,Schoonover,High,"Downed trees, shrubs, standing dead",Moderate
873,893,Evergreen,Schoonover,5,0,30,8,Schoonover,High,"Downed trees, shrubs, standing dead",Moderate
874,894,Evergreen,Schoonover,5,0,30,8,Schoonover,High,"Downed trees, shrubs, standing dead",Moderate
875,895,Evergreen,Schoonover,5,0,30,8,Schoonover,High,"Downed trees, shrubs, standing dead",Moderate
876,896,Evergreen,Schoonover,5,0,30,8,Schoonover,High,"Downed trees, shrubs, standing dead",Moderate
877,897,Standing Dead,Schoonover,5,0,30,8,Schoonover,High,"Downed trees, shrubs, standing dead",Moderate
878,898,Standing Dead,Schoonover,5,0,30,8,Schoonover,High,"Downed trees, shrubs, standing dead",Moderate
879,899,Standing Dead,Schoonover,5,0,30,8,Schoonover,High,"Downed trees, shrubs, standing dead",Moderate
880,900,Evergreen,Schoonover,5,0,30,8,Schoonover,High,"Downed trees, shrubs, standing dead",Moderate
881,901,Standing Dead,Schoonover,5,0,30,8,Schoonover,High,"Downed trees, shrubs, standing dead",Moderate
882,902,Evergreen,Schoonover,5,0,30,8,Schoonover,High,"Downed trees, shrubs, standing dead",Moderate
883,903,Evergreen,Schoonover,5,0,30,8,Schoonover,High,"Downed trees, shrubs, standing dead",Moderate
884,904,Standing Dead,Schoonover,5,0,30,8,Schoonover,High,"Downed trees, shrubs, standing dead",Moderate
885,905,Evergreen,Schoonover,5,0,30,8,Schoonover,High,"Downed trees, shrubs, standing dead",Moderate
886,906,Evergreen,Schoonover,5,0,30,8,Schoonover,High,"Downed trees, shrubs, standing dead",Moderate
887,907,Evergreen,Schoonover,5,0,30,8,Schoonover,High,"Downed trees, shrubs, standing dead",Moderate
888,908,Evergreen,Schoonover,5,0,30,8,Schoonover,High,"Downed trees, shrubs, standing dead",Moderate
889,909,Standing Dead,Schoonover,5,0,30,8,Schoonover,High,"Downed trees, shrubs, standing dead",Moderate
890,910,Standing Dead,Schoonover,5,0,30,8,Schoonover,High,"Downed trees, shrubs, standing dead",Moderate
891,911,Standing Dead,Schoonover,5,0,30,8,Schoonover,High,"Downed trees, shrubs, standing dead",Moderate
892,912,Standing Dead,Schoonover,5,0,30,8,Schoonover,High,"Downed trees, shrubs, standing dead",Moderate
893,913,Evergreen,Schoonover,5,0,30,8,Schoonover,High,"Downed trees, shrubs, standing dead",Moderate
894,914,Standing Dead,Schoonover,5,0,30,8,Schoonover,High,"Downed trees, shrubs, standing dead",Moderate
895,915,Standing Dead,Schoonover,5,0,30,8,Schoonover,High,"Downed trees, shrubs, standing dead",Moderate
896,916,Evergreen,Schoonover,5,0,30,8,Schoonover,High,"Downed trees, shrubs, standing dead",Moderate
897,917,Evergreen,Schoonover,5,0,30,8,Schoonover,High,"Downed trees, shrubs, standing dead",Moderate
898,918,Evergreen,Schoonover,5,0,30,8,Schoonover,High,"Downed trees, shrubs, standing dead",Moderate
899,919,Evergreen,Schoonover,5,0,30,8,Schoonover,High,"Downed trees, shrubs, standing dead",Moderate
900,920,Evergreen,Schoonover,5,0,30,8,Schoonover,High,"Downed trees, shrubs, standing dead",Moderate
901,921,Woody Shrub,Schoonover,5,0,30,8,Schoonover,High,"Downed trees, shrubs, standing dead",Moderate
902,922,Woody Shrub,Schoonover,5,0,30,8,Schoonover,High,"Downed trees, shrubs, standing dead",Moderate
903,923,Woody Shrub,Schoonover,5,0,30,8,Schoonover,High,"Downed trees, shrubs, standing dead",Moderate
904,924,Woody Shrub,Schoonover,5,0,30,8,Schoonover,High,"Downed trees, shrubs, standing dead",Moderate
905,925,Woody Shrub,Schoonover,5,0,30,8,Schoonover,High,"Downed trees, shrubs, standing dead",Moderate
906,926,Woody Shrub,Schoonover,5,0,30,8,Schoonover,High,"Downed trees, shrubs, standing dead",Moderate
907,927,Woody Shrub,Schoonover,5,0,30,8,Schoonover,High,"Downed trees, shrubs, standing dead",Moderate
908,928,Woody Shrub,Schoonover,5,0,30,8,Schoonover,High,"Downed trees, shrubs, standing dead",Moderate
909,929,Woody Shrub,Schoonover,5,0,30,8,Schoonover,High,"Downed trees, shrubs, standing dead",Moderate
910,930,Woody Shrub,Schoonover,5,0,30,8,Schoonover,High,"Downed trees, shrubs, standing dead",Moderate
911,931,Woody Shrub,Schoonover,5,0,30,8,Schoonover,High,"Downed trees, shrubs, standing dead",Moderate
912,932,Woody Shrub,Schoonover,5,0,30,8,Schoonover,High,"Downed trees, shrubs, standing dead",Moderate
913,933,Woody Shrub,Schoonover,5,0,30,8,Schoonover,High,"Downed trees, shrubs, standing dead",Moderate
914,934,Standing Dead,Schoonover,5,0,30,8,Schoonover,High,"Downed trees, shrubs, standing dead",Moderate
915,935,Woody Shrub,Schoonover,5,0,30,8,Schoonover,High,"Downed trees, shrubs, standing dead",Moderate
916,936,Woody Shrub,Schoonover,5,0,30,8,Schoonover,High,"Downed trees, shrubs, standing dead",Moderate
917,937,Woody Shrub,Schoonover,5,0,30,8,Schoonover,High,"Downed trees, shrubs, standing dead",Moderate
918,938,Woody Shrub,Schoonover,5,0,30,8,Schoonover,High,"Downed trees, shrubs, standing dead",Moderate
919,939,Woody Shrub,Schoonover,5,0,30,8,Schoonover,High,"Downed trees, shrubs, standing dead",Moderate
920,940,Woody Shrub,Schoonover,5,0,30,8,Schoonover,High,"Downed trees, shrubs, standing dead",Moderate
921,941,Woody Shrub,Schoonover,5,0,30,8,Schoonover,High,"Downed trees, shrubs, standing dead",Moderate
922,942,Woody Shrub,Schoonover,5,0,30,8,Schoonover,High,"Downed trees, shrubs, standing dead",Moderate
923,943,Standing Dead,Schoonover,5,0,30,8,Schoonover,High,"Downed trees, shrubs, standing dead",Moderate
924,944,Woody Shrub,Schoonover,5,0,30,8,Schoonover,High,"Downed trees, shrubs, standing dead",Moderate
925,945,Woody Shrub,Schoonover,5,0,30,8,Schoonover,High,"Downed trees, shrubs, standing dead",Moderate
926,946,Woody Shrub,Schoonover,5,0,30,8,Schoonover,High,"Downed trees, shrubs, standing dead",Moderate
927,947,Woody Shrub,Schoonover,5,0,30,8,Schoonover,High,"Downed trees, shrubs, standing dead",Moderate
928,948,Woody Shrub,Schoonover,5,0,30,8,Schoonover,High,"Downed trees, shrubs, standing dead",Moderate
929,949,Woody Shrub,Schoonover,5,0,30,8,Schoonover,High,"Downed trees, shrubs, standing dead",Moderate
930,950,Woody Shrub,Schoonover,5,0,30,8,Schoonover,High,"Downed trees, shrubs, standing dead",Moderate
931,951,Woody Shrub,Schoonover,5,0,30,8,Schoonover,High,"Downed trees, shrubs, standing dead",Moderate
932,952,Woody Shrub,Schoonover,5,0,30,8,Schoonover,High,"Downed trees, shrubs, standing dead",Moderate
459,470,Evergreen,Hayman,1,0,30,4,Hayman,Extreme,"Downed trees, aspen, standing dead",Flat
460,471,Evergreen,Hayman,1,0,30,4,Hayman,Extreme,"Downed trees, aspen, standing dead",Flat
461,472,Evergreen,Hayman,1,0,30,4,Hayman,Extreme,"Downed trees, aspen, standing dead",Flat
462,473,Evergreen,Hayman,1,0,30,4,Hayman,Extreme,"Downed trees, aspen, standing dead",Flat
463,474,Evergreen,Hayman,1,0,30,4,Hayman,Extreme,"Downed trees, aspen, standing dead",Flat
464,475,Evergreen,Hayman,1,0,30,4,Hayman,Extreme,"Downed trees, aspen, standing dead",Flat
465,476,Evergreen,Hayman,1,0,30,4,Hayman,Extreme,"Downed trees, aspen, standing dead",Flat
466,477,Evergreen,Hayman,1,0,30,4,Hayman,Extreme,"Downed trees, aspen, standing dead",Flat
467,478,Evergreen,Hayman,1,0,30,4,Hayman,Extreme,"Downed trees, aspen, standing dead",Flat
468,479,Evergreen,Hayman,1,0,30,4,Hayman,Extreme,"Downed trees, aspen, standing dead",Flat
469,480,Evergreen,Hayman,1,0,30,4,Hayman,Extreme,"Downed trees, aspen, standing dead",Flat
470,481,Evergreen,Hayman,1,0,30,4,Hayman,Extreme,"Downed trees, aspen, standing dead",Flat
471,482,Evergreen,Hayman,1,0,30,4,Hayman,Extreme,"Downed trees, aspen, standing dead",Flat
472,483,Evergreen,Hayman,1,0,30,4,Hayman,Extreme,"Downed trees, aspen, standing dead",Flat
473,484,Evergreen,Hayman,1,0,30,4,Hayman,Extreme,"Downed trees, aspen, standing dead",Flat
474,485,Evergreen,Hayman,1,0,30,4,Hayman,Extreme,"Downed trees, aspen, standing dead",Flat
475,486,Evergreen,Hayman,1,0,30,4,Hayman,Extreme,"Downed trees, aspen, standing dead",Flat
476,487,Evergreen,Hayman,1,0,30,4,Hayman,Extreme,"Downed trees, aspen, standing dead",Flat
477,488,Evergreen,Hayman,1,0,30,4,Hayman,Extreme,"Downed trees, aspen, standing dead",Flat
478,489,Evergreen,Hayman,1,0,30,4,Hayman,Extreme,"Downed trees, aspen, standing dead",Flat
479,490,Evergreen,Hayman,1,0,30,4,Hayman,Extreme,"Downed trees, aspen, standing dead",Flat
480,491,Evergreen,Hayman,1,0,30,4,Hayman,Extreme,"Downed trees, aspen, standing dead",Flat
481,492,Evergreen,Hayman,1,0,30,4,Hayman,Extreme,"Downed trees, aspen, standing dead",Flat
482,493,Evergreen,Hayman,1,0,30,4,Hayman,Extreme,"Downed trees, aspen, standing dead",Flat
483,494,Evergreen,Hayman,1,0,30,4,Hayman,Extreme,"Downed trees, aspen, standing dead",Flat
484,495,Evergreen,Hayman,1,0,30,4,Hayman,Extreme,"Downed trees, aspen, standing dead",Flat
485,496,Evergreen,Hayman,1,0,30,4,Hayman,Extreme,"Downed trees, aspen, standing dead",Flat
486,497,Evergreen,Hayman,1,0,30,4,Hayman,Extreme,"Downed trees, aspen, standing dead",Flat
487,498,Evergreen,Hayman,1,0,30,4,Hayman,Extreme,"Downed trees, aspen, standing dead",Flat
488,499,Evergreen,Hayman,1,0,30,4,Hayman,Extreme,"Downed trees, aspen, standing dead",Flat
489,500,Evergreen,Hayman,1,0,30,4,Hayman,Extreme,"Downed trees, aspen, standing dead",Flat
490,501,Evergreen,Hayman,1,0,30,4,Hayman,Extreme,"Downed trees, aspen, standing dead",Flat
491,502,Evergreen,Hayman,1,0,30,4,Hayman,Extreme,"Downed trees, aspen, standing dead",Flat
492,503,Evergreen,Hayman,1,0,30,4,Hayman,Extreme,"Downed trees, aspen, standing dead",Flat
493,504,Evergreen,Hayman,1,0,30,4,Hayman,Extreme,"Downed trees, aspen, standing dead",Flat
494,505,Evergreen,Hayman,1,0,30,4,Hayman,Extreme,"Downed trees, aspen, standing dead",Flat
495,506,Evergreen,Hayman,1,0,30,4,Hayman,Extreme,"Downed trees, aspen, standing dead",Flat
496,507,Evergreen,Hayman,1,0,30,4,Hayman,Extreme,"Downed trees, aspen, standing dead",Flat
497,508,Evergreen,Hayman,1,0,30,4,Hayman,Extreme,"Downed trees, aspen, standing dead",Flat
498,509,Evergreen,Hayman,1,0,30,4,Hayman,Extreme,"Downed trees, aspen, standing dead",Flat
499,510,Evergreen,Hayman,1,0,30,4,Hayman,Extreme,"Downed trees, aspen, standing dead",Flat
500,511,Evergreen,Hayman,1,0,30,4,Hayman,Extreme,"Downed trees, aspen, standing dead",Flat
501,512,Evergreen,Hayman,1,0,30,4,Hayman,Extreme,"Downed trees, aspen, standing dead",Flat
502,513,Evergreen,Hayman,1,0,30,4,Hayman,Extreme,"Downed trees, aspen, standing dead",Flat
504,515,Evergreen,Hayman,1,0,30,4,Hayman,Extreme,"Downed trees, aspen, standing dead",Flat
505,516,Evergreen,Hayman,1,0,30,4,Hayman,Extreme,"Downed trees, aspen, standing dead",Flat
506,517,Evergreen,Hayman,1,0,30,4,Hayman,Extreme,"Downed trees, aspen, standing dead",Flat
507,518,Evergreen,Hayman,1,0,30,4,Hayman,Extreme,"Downed trees, aspen, standing dead",Flat
508,519,Evergreen,Hayman,1,0,30,4,Hayman,Extreme,"Downed trees, aspen, standing dead",Flat
509,520,Evergreen,Hayman,1,0,30,4,Hayman,Extreme,"Downed trees, aspen, standing dead",Flat
510,521,Evergreen,Hayman,1,0,30,4,Hayman,Extreme,"Downed trees, aspen, standing dead",Flat
511,522,Evergreen,Hayman,1,0,30,4,Hayman,Extreme,"Downed trees, aspen, standing dead",Flat
512,523,Evergreen,Hayman,1,0,30,4,Hayman,Extreme,"Downed trees, aspen, standing dead",Flat
513,524,Evergreen,Hayman,1,0,30,4,Hayman,Extreme,"Downed trees, aspen, standing dead",Flat
514,525,Evergreen,Hayman,1,0,30,4,Hayman,Extreme,"Downed trees, aspen, standing dead",Flat
515,526,Evergreen,Hayman,1,0,30,4,Hayman,Extreme,"Downed trees, aspen, standing dead",Flat
516,527,Evergreen,Hayman,1,0,30,4,Hayman,Extreme,"Downed trees, aspen, standing dead",Flat
517,528,Evergreen,Hayman,1,0,30,4,Hayman,Extreme,"Downed trees, aspen, standing dead",Flat
518,529,Evergreen,Hayman,1,0,30,4,Hayman,Extreme,"Downed trees, aspen, standing dead",Flat
519,530,Evergreen,Hayman,1,0,30,4,Hayman,Extreme,"Downed trees, aspen, standing dead",Flat
520,531,Evergreen,Hayman,1,0,30,4,Hayman,Extreme,"Downed trees, aspen, standing dead",Flat
521,532,Evergreen,Hayman,1,0,30,4,Hayman,Extreme,"Downed trees, aspen, standing dead",Flat
522,533,Evergreen,Hayman,1,0,30,4,Hayman,Extreme,"Downed trees, aspen, standing dead",Flat
523,534,Evergreen,Hayman,1,0,30,4,Hayman,Extreme,"Downed trees, aspen, standing dead",Flat
524,535,Evergreen,Hayman,1,0,30,4,Hayman,Extreme,"Downed trees, aspen, standing dead",Flat
525,536,Evergreen,Hayman,1,0,30,4,Hayman,Extreme,"Downed trees, aspen, standing dead",Flat
526,537,Evergreen,Hayman,1,0,30,4,Hayman,Extreme,"Downed trees, aspen, standing dead",Flat
527,538,Evergreen,Hayman,1,0,30,4,Hayman,Extreme,"Downed trees, aspen, standing dead",Flat
528,539,Evergreen,Hayman,1,0,30,4,Hayman,Extreme,"Downed trees, aspen, standing dead",Flat
529,540,Evergreen,Hayman,1,0,30,4,Hayman,Extreme,"Downed trees, aspen, standing dead",Flat
530,541,Evergreen,Hayman,1,0,30,4,Hayman,Extreme,"Downed trees, aspen, standing dead",Flat
531,542,Evergreen,Hayman,1,0,30,4,Hayman,Extreme,"Downed trees, aspen, standing dead",Flat
532,543,Evergreen,Hayman,1,0,30,4,Hayman,Extreme,"Downed trees, aspen, standing dead",Flat
533,544,Evergreen,Hayman,1,0,30,4,Hayman,Extreme,"Downed trees, aspen, standing dead",Flat
534,545,Evergreen,Hayman,1,0,30,4,Hayman,Extreme,"Downed trees, aspen, standing dead",Flat
535,546,Evergreen,Hayman,1,0,30,4,Hayman,Extreme,"Downed trees, aspen, standing dead",Flat
536,547,Evergreen,Hayman,1,0,30,4,Hayman,Extreme,"Downed trees, aspen, standing dead",Flat
537,548,Evergreen,Hayman,1,0,30,4,Hayman,Extreme,"Downed trees, aspen, standing dead",Flat
538,549,Evergreen,Hayman,1,0,30,4,Hayman,Extreme,"Downed trees, aspen, standing dead",Flat
539,550,Evergreen,Hayman,1,0,30,4,Hayman,Extreme,"Downed trees, aspen, standing dead",Flat
540,551,Evergreen,Hayman,1,0,30,4,Hayman,Extreme,"Downed trees, aspen, standing dead",Flat
541,552,Evergreen,Hayman,1,0,30,4,Hayman,Extreme,"Downed trees, aspen, standing dead",Flat
542,554,Evergreen,Hayman,1,0,30,4,Hayman,Extreme,"Downed trees, aspen, standing dead",Flat
543,555,Evergreen,Hayman,1,0,30,4,Hayman,Extreme,"Downed trees, aspen, standing dead",Flat
544,556,Evergreen,Hayman,1,0,30,4,Hayman,Extreme,"Downed trees, aspen, standing dead",Flat
545,557,Evergreen,Hayman,1,0,30,4,Hayman,Extreme,"Downed trees, aspen, standing dead",Flat
546,558,Evergreen,Hayman,1,0,30,4,Hayman,Extreme,"Downed trees, aspen, standing dead",Flat
547,559,Evergreen,Hayman,1,0,30,4,Hayman,Extreme,"Downed trees, aspen, standing dead",Flat
548,560,Evergreen,Hayman,1,0,30,4,Hayman,Extreme,"Downed trees, aspen, standing dead",Flat
549,561,Evergreen,Hayman,1,0,30,4,Hayman,Extreme,"Downed trees, aspen, standing dead",Flat
550,562,Evergreen,Hayman,1,0,30,4,Hayman,Extreme,"Downed trees, aspen, standing dead",Flat
551,563,Evergreen,Hayman,1,0,30,4,Hayman,Extreme,"Downed trees, aspen, standing dead",Flat
552,564,Evergreen,Hayman,1,0,30,4,Hayman,Extreme,"Downed trees, aspen, standing dead",Flat
553,565,Evergreen,Hayman,1,0,30,4,Hayman,Extreme,"Downed trees, aspen, standing dead",Flat
554,566,Evergreen,Hayman,1,0,30,4,Hayman,Extreme,"Downed trees, aspen, standing dead",Flat
555,567,Evergreen,Hayman,1,0,30,4,Hayman,Extreme,"Downed trees, aspen, standing dead",Flat
556,568,Evergreen,Hayman,1,0,30,4,Hayman,Extreme,"Downed trees, aspen, standing dead",Flat
557,569,Evergreen,Hayman,1,0,30,4,Hayman,Extreme,"Downed trees, aspen, standing dead",Flat
558,570,Evergreen,Hayman,1,0,30,4,Hayman,Extreme,"Downed trees, aspen, standing dead",Flat
559,571,Evergreen,Hayman,1,0,30,4,Hayman,Extreme,"Downed trees, aspen, standing dead",Flat
560,572,Evergreen,Hayman,1,0,30,4,Hayman,Extreme,"Downed trees, aspen, standing dead",Flat
561,573,Evergreen,Hayman,1,0,30,4,Hayman,Extreme,"Downed trees, aspen, standing dead",Flat
562,574,Evergreen,Hayman,1,0,30,4,Hayman,Extreme,"Downed trees, aspen, standing dead",Flat
563,575,Evergreen,Hayman,1,0,30,4,Hayman,Extreme,"Downed trees, aspen, standing dead",Flat
564,576,Evergreen,Hayman,1,0,30,4,Hayman,Extreme,"Downed trees, aspen, standing dead",Flat
565,577,Evergreen,Hayman,1,0,30,4,Hayman,Extreme,"Downed trees, aspen, standing dead",Flat
566,578,Evergreen,Hayman,1,0,30,4,Hayman,Extreme,"Downed trees, aspen, standing dead",Flat
567,579,Evergreen,Hayman,1,0,30,4,Hayman,Extreme,"Downed trees, aspen, standing dead",Flat
568,580,Evergreen,Hayman,1,0,30,4,Hayman,Extreme,"Downed trees, aspen, standing dead",Flat
569,581,Evergreen,Hayman,1,0,30,4,Hayman,Extreme,"Downed trees, aspen, standing dead",Flat
570,582,Evergreen,Hayman,1,0,30,4,Hayman,Extreme,"Downed trees, aspen, standing dead",Flat
571,583,Evergreen,Hayman,1,0,30,4,Hayman,Extreme,"Downed trees, aspen, standing dead",Flat
572,584,Evergreen,Hayman,1,0,30,4,Hayman,Extreme,"Downed trees, aspen, standing dead",Flat
573,585,Evergreen,Hayman,1,0,30,4,Hayman,Extreme,"Downed trees, aspen, standing dead",Flat
574,586,Evergreen,Hayman,1,0,30,4,Hayman,Extreme,"Downed trees, aspen, standing dead",Flat
575,587,Evergreen,Hayman,1,0,30,4,Hayman,Extreme,"Downed trees, aspen, standing dead",Flat
576,588,Evergreen,Hayman,1,0,30,4,Hayman,Extreme,"Downed trees, aspen, standing dead",Flat
577,589,Evergreen,Hayman,1,0,30,4,Hayman,Extreme,"Downed trees, aspen, standing dead",Flat
578,590,Evergreen,Hayman,1,0,30,4,Hayman,Extreme,"Downed trees, aspen, standing dead",Flat
579,591,Evergreen,Hayman,1,0,30,4,Hayman,Extreme,"Downed trees, aspen, standing dead",Flat
580,592,Standing Dead,Hayman,1,0,30,4,Hayman,Extreme,"Downed trees, aspen, standing dead",Flat
581,593,Standing Dead,Hayman,1,0,30,4,Hayman,Extreme,"Downed trees, aspen, standing dead",Flat
582,594,Evergreen,Hayman,1,0,30,4,Hayman,Extreme,"Downed trees, aspen, standing dead",Flat
583,595,Evergreen,Hayman,1,0,30,4,Hayman,Extreme,"Downed trees, aspen, standing dead",Flat
584,596,Evergreen,Hayman,1,0,30,4,Hayman,Extreme,"Downed trees, aspen, standing dead",Flat
585,597,Evergreen,Hayman,1,0,30,4,Hayman,Extreme,"Downed trees, aspen, standing dead",Flat
586,598,Evergreen,Hayman,1,0,30,4,Hayman,Extreme,"Downed trees, aspen, standing dead",Flat
587,599,Evergreen,Hayman,1,0,30,4,Hayman,Extreme,"Downed trees, aspen, standing dead",Flat
588,600,Evergreen,Hayman,1,0,30,4,Hayman,Extreme,"Downed trees, aspen, standing dead",Flat
589,601,Evergreen,Hayman,1,0,30,4,Hayman,Extreme,"Downed trees, aspen, standing dead",Flat
590,602,Evergreen,Hayman,1,0,30,4,Hayman,Extreme,"Downed trees, aspen, standing dead",Flat
591,603,Evergreen,Hayman,1,0,30,4,Hayman,Extreme,"Downed trees, aspen, standing dead",Flat
592,604,Evergreen,Hayman,1,0,30,4,Hayman,Extreme,"Downed trees, aspen, standing dead",Flat
593,605,Evergreen,Hayman,1,0,30,4,Hayman,Extreme,"Downed trees, aspen, standing dead",Flat
594,606,Evergreen,Hayman,1,0,30,4,Hayman,Extreme,"Downed trees, aspen, standing dead",Flat
595,607,Evergreen,Hayman,1,0,30,4,Hayman,Extreme,"Downed trees, aspen, standing dead",Flat
596,608,Evergreen,Hayman,1,0,30,4,Hayman,Extreme,"Downed trees, aspen, standing dead",Flat
597,609,Evergreen,Hayman,1,0,30,4,Hayman,Extreme,"Downed trees, aspen, standing dead",Flat
598,610,Evergreen,Hayman,1,0,30,4,Hayman,Extreme,"Downed trees, aspen, standing dead",Flat
599,611,Evergreen,Hayman,1,0,30,4,Hayman,Extreme,"Downed trees, aspen, standing dead",Flat
600,612,Evergreen,Hayman,1,0,30,4,Hayman,Extreme,"Downed trees, aspen, standing dead",Flat
601,613,Evergreen,Hayman,1,0,30,4,Hayman,Extreme,"Downed trees, aspen, standing dead",Flat
602,614,Evergreen,Hayman,1,0,30,4,Hayman,Extreme,"Downed trees, aspen, standing dead",Flat
603,615,Evergreen,Hayman,1,0,30,4,Hayman,Extreme,"Downed trees, aspen, standing dead",Flat
604,616,Evergreen,Hayman,1,0,30,4,Hayman,Extreme,"Downed trees, aspen, standing dead",Flat
605,617,Evergreen,Hayman,1,0,30,4,Hayman,Extreme,"Downed trees, aspen, standing dead",Flat
606,618,Evergreen,Hayman,1,0,30,4,Hayman,Extreme,"Downed trees, aspen, standing dead",Flat
607,619,Evergreen,Hayman,1,0,30,4,Hayman,Extreme,"Downed trees, aspen, standing dead",Flat
608,620,Evergreen,Hayman,1,0,30,4,Hayman,Extreme,"Downed trees, aspen, standing dead",Flat
609,621,Evergreen,Hayman,1,0,30,4,Hayman,Extreme,"Downed trees, aspen, standing dead",Flat
610,622,Evergreen,Hayman,1,0,30,4,Hayman,Extreme,"Downed trees, aspen, standing dead",Flat
611,623,Evergreen,Hayman,1,0,30,4,Hayman,Extreme,"Downed trees, aspen, standing dead",Flat
612,624,Evergreen,Hayman,1,0,30,4,Hayman,Extreme,"Downed trees, aspen, standing dead",Flat
613,625,Evergreen,Hayman,1,0,30,4,Hayman,Extreme,"Downed trees, aspen, standing dead",Flat
614,626,Evergreen,Hayman,1,0,30,4,Hayman,Extreme,"Downed trees, aspen, standing dead",Flat
615,627,Evergreen,Hayman,1,0,30,4,Hayman,Extreme,"Downed trees, aspen, standing dead",Flat
616,628,Evergreen,Hayman,1,0,30,4,Hayman,Extreme,"Downed trees, aspen, standing dead",Flat
617,629,Evergreen,Hayman,1,0,30,4,Hayman,Extreme,"Downed trees, aspen, standing dead",Flat
618,630,Evergreen,Hayman,1,0,30,4,Hayman,Extreme,"Downed trees, aspen, standing dead",Flat
619,631,Evergreen,Hayman,1,0,30,4,Hayman,Extreme,"Downed trees, aspen, standing dead",Flat
620,632,Evergreen,Hayman,1,0,30,4,Hayman,Extreme,"Downed trees, aspen, standing dead",Flat
621,633,Evergreen,Hayman,1,0,30,4,Hayman,Extreme,"Downed trees, aspen, standing dead",Flat
622,634,Evergreen,Hayman,1,0,30,4,Hayman,Extreme,"Downed trees, aspen, standing dead",Flat
623,635,Evergreen,Hayman,1,0,30,4,Hayman,Extreme,"Downed trees, aspen, standing dead",Flat
624,636,Evergreen,Hayman,1,0,30,4,Hayman,Extreme,"Downed trees, aspen, standing dead",Flat
625,637,Deciduous,Hayman,1,0,30,4,Hayman,Extreme,"Downed trees, aspen, standing dead",Flat
626,638,Deciduous,Hayman,1,0,30,4,Hayman,Extreme,"Downed trees, aspen, standing dead",Flat
627,639,Deciduous,Hayman,1,0,30,4,Hayman,Extreme,"Downed trees, aspen, standing dead",Flat
628,640,Deciduous,Hayman,1,0,30,4,Hayman,Extreme,"Downed trees, aspen, standing dead",Flat
629,641,Deciduous,Hayman,1,0,30,4,Hayman,Extreme,"Downed trees, aspen, standing dead",Flat
630,642,Deciduous,Hayman,1,0,30,4,Hayman,Extreme,"Downed trees, aspen, standing dead",Flat
631,643,Evergreen,Hayman,1,0,30,4,Hayman,Extreme,"Downed trees, aspen, standing dead",Flat
632,644,Deciduous,Hayman,1,0,30,4,Hayman,Extreme,"Downed trees, aspen, standing dead",Flat
633,645,Evergreen,Hayman,1,0,30,4,Hayman,Extreme,"Downed trees, aspen, standing dead",Flat
634,646,Evergreen,Hayman,1,0,30,4,Hayman,Extreme,"Downed trees, aspen, standing dead",Flat
635,647,Evergreen,Hayman,1,0,30,4,Hayman,Extreme,"Downed trees, aspen, standing dead",Flat
636,648,Evergreen,Hayman,1,0,30,4,Hayman,Extreme,"Downed trees, aspen, standing dead",Flat
637,649,Evergreen,Hayman,1,0,30,4,Hayman,Extreme,"Downed trees, aspen, standing dead",Flat
638,650,Evergreen,Hayman,1,0,30,4,Hayman,Extreme,"Downed trees, aspen, standing dead",Flat
639,651,Evergreen,Hayman,1,0,30,4,Hayman,Extreme,"Downed trees, aspen, standing dead",Flat
640,652,Evergreen,Hayman,1,0,30,4,Hayman,Extreme,"Downed trees, aspen, standing dead",Flat
641,653,Evergreen,Hayman,1,0,30,4,Hayman,Extreme,"Downed trees, aspen, standing dead",Flat
642,654,Evergreen,Hayman,1,0,30,4,Hayman,Extreme,"Downed trees, aspen, standing dead",Flat
643,655,Evergreen,Hayman,1,0,30,4,Hayman,Extreme,"Downed trees, aspen, standing dead",Flat
644,656,Evergreen,Hayman,1,0,30,4,Hayman,Extreme,"Downed trees, aspen, standing dead",Flat
645,658,Evergreen,Hayman,1,0,30,4,Hayman,Extreme,"Downed trees, aspen, standing dead",Flat
646,659,Evergreen,Hayman,1,0,30,4,Hayman,Extreme,"Downed trees, aspen, standing dead",Flat
647,662,Evergreen,Hayman,1,0,30,4,Hayman,Extreme,"Downed trees, aspen, standing dead",Flat
648,663,Deciduous,Hayman,1,0,30,4,Hayman,Extreme,"Downed trees, aspen, standing dead",Flat
649,664,Evergreen,Hayman,1,0,30,4,Hayman,Extreme,"Downed trees, aspen, standing dead",Flat
650,665,Evergreen,Hayman,1,0,30,4,Hayman,Extreme,"Downed trees, aspen, standing dead",Flat
651,666,Evergreen,Hayman,1,0,30,4,Hayman,Extreme,"Downed trees, aspen, standing dead",Flat
652,667,Evergreen,Hayman,1,0,30,4,Hayman,Extreme,"Downed trees, aspen, standing dead",Flat
653,668,Evergreen,Hayman,1,0,30,4,Hayman,Extreme,"Downed trees, aspen, standing dead",Flat
654,669,Evergreen,Hayman,1,0,30,4,Hayman,Extreme,"Downed trees, aspen, standing dead",Flat
655,670,Evergreen,Hayman,1,0,30,4,Hayman,Extreme,"Downed trees, aspen, standing dead",Flat
656,671,Evergreen,Hayman,1,0,30,4,Hayman,Extreme,"Downed trees, aspen, standing dead",Flat
657,672,Evergreen,Hayman,1,0,30,4,Hayman,Extreme,"Downed trees, aspen, standing dead",Flat
658,673,Evergreen,Hayman,1,0,30,4,Hayman,Extreme,"Downed trees, aspen, standing dead",Flat
659,674,Evergreen,Hayman,1,0,30,4,Hayman,Extreme,"Downed trees, aspen, standing dead",Flat
660,675,Evergreen,Hayman,1,0,30,4,Hayman,Extreme,"Downed trees, aspen, standing dead",Flat
661,676,Evergreen,Hayman,1,0,30,4,Hayman,Extreme,"Downed trees, aspen, standing dead",Flat
662,677,Evergreen,Hayman,1,0,30,4,Hayman,Extreme,"Downed trees, aspen, standing dead",Flat
663,678,Evergreen,Hayman,1,0,30,4,Hayman,Extreme,"Downed trees, aspen, standing dead",Flat
664,679,Evergreen,Hayman,1,0,30,4,Hayman,Extreme,"Downed trees, aspen, standing dead",Flat
665,680,Evergreen,Hayman,1,0,30,4,Hayman,Extreme,"Downed trees, aspen, standing dead",Flat
666,681,Evergreen,Hayman,1,0,30,4,Hayman,Extreme,"Downed trees, aspen, standing dead",Flat
667,682,Evergreen,Hayman,1,0,30,4,Hayman,Extreme,"Downed trees, aspen, standing dead",Flat
668,683,Evergreen,Hayman,1,0,30,4,Hayman,Extreme,"Downed trees, aspen, standing dead",Flat
669,684,Evergreen,Hayman,1,0,30,4,Hayman,Extreme,"Downed trees, aspen, standing dead",Flat
670,685,Evergreen,Hayman,1,0,30,4,Hayman,Extreme,"Downed trees, aspen, standing dead",Flat
671,686,Evergreen,Hayman,1,0,30,4,Hayman,Extreme,"Downed trees, aspen, standing dead",Flat
672,687,Evergreen,Hayman,1,0,30,4,Hayman,Extreme,"Downed trees, aspen, standing dead",Flat
673,688,Evergreen,Hayman,1,0,30,4,Hayman,Extreme,"Downed trees, aspen, standing dead",Flat
674,689,Evergreen,Hayman,1,0,30,4,Hayman,Extreme,"Downed trees, aspen, standing dead",Flat
675,690,Evergreen,Hayman,1,0,30,4,Hayman,Extreme,"Downed trees, aspen, standing dead",Flat
676,691,Evergreen,Hayman,1,0,30,4,Hayman,Extreme,"Downed trees, aspen, standing dead",Flat
677,692,Evergreen,Hayman,1,0,30,4,Hayman,Extreme,"Downed trees, aspen, standing dead",Flat
678,693,Evergreen,Hayman,1,0,30,4,Hayman,Extreme,"Downed trees, aspen, standing dead",Flat
679,694,Evergreen,Hayman,1,0,30,4,Hayman,Extreme,"Downed trees, aspen, standing dead",Flat
680,695,Evergreen,Hayman,1,0,30,4,Hayman,Extreme,"Downed trees, aspen, standing dead",Flat
681,696,Evergreen,Hayman,1,0,30,4,Hayman,Extreme,"Downed trees, aspen, standing dead",Flat
682,697,Evergreen,Hayman,1,0,30,4,Hayman,Extreme,"Downed trees, aspen, standing dead",Flat
683,698,Evergreen,Hayman,1,0,30,4,Hayman,Extreme,"Downed trees, aspen, standing dead",Flat
684,699,Evergreen,Hayman,1,0,30,4,Hayman,Extreme,"Downed trees, aspen, standing dead",Flat
685,700,Evergreen,Hayman,1,0,30,4,Hayman,Extreme,"Downed trees, aspen, standing dead",Flat
686,701,Evergreen,Hayman,1,0,30,4,Hayman,Extreme,"Downed trees, aspen, standing dead",Flat
687,702,Evergreen,Hayman,1,0,30,4,Hayman,Extreme,"Downed trees, aspen, standing dead",Flat
688,703,Evergreen,Hayman,1,0,30,4,Hayman,Extreme,"Downed trees, aspen, standing dead",Flat
689,704,Evergreen,Hayman,1,0,30,4,Hayman,Extreme,"Downed trees, aspen, standing dead",Flat
690,705,Evergreen,Hayman,1,0,30,4,Hayman,Extreme,"Downed trees, aspen, standing dead",Flat
691,706,Evergreen,Hayman,1,0,30,4,Hayman,Extreme,"Downed trees, aspen, standing dead",Flat
692,707,Evergreen,Hayman,1,0,30,4,Hayman,Extreme,"Downed trees, aspen, standing dead",Flat
693,708,Evergreen,Hayman,1,0,30,4,Hayman,Extreme,"Downed trees, aspen, standing dead",Flat
694,709,Evergreen,Hayman,1,0,30,4,Hayman,Extreme,"Downed trees, aspen, standing dead",Flat
695,710,Evergreen,Hayman,1,0,30,4,Hayman,Extreme,"Downed trees, aspen, standing dead",Flat
696,711,Standing Dead,Hayman,1,0,30,4,Hayman,Extreme,"Downed trees, aspen, standing dead",Flat
697,712,Evergreen,Hayman,1,0,30,4,Hayman,Extreme,"Downed trees, aspen, standing dead",Flat
698,713,Evergreen,Hayman,1,0,30,4,Hayman,Extreme,"Downed trees, aspen, standing dead",Flat
699,714,Evergreen,Hayman,1,0,30,4,Hayman,Extreme,"Downed trees, aspen, standing dead",Flat
700,715,Evergreen,Hayman,1,0,30,4,Hayman,Extreme,"Downed trees, aspen, standing dead",Flat
701,716,Evergreen,Hayman,1,0,30,4,Hayman,Extreme,"Downed trees, aspen, standing dead",Flat
702,717,Evergreen,Hayman,1,0,30,4,Hayman,Extreme,"Downed trees, aspen, standing dead",Flat
703,718,Evergreen,Hayman,1,0,30,4,Hayman,Extreme,"Downed trees, aspen, standing dead",Flat
704,719,Evergreen,Hayman,1,0,30,4,Hayman,Extreme,"Downed trees, aspen, standing dead",Flat
705,720,Evergreen,Hayman,1,0,30,4,Hayman,Extreme,"Downed trees, aspen, standing dead",Flat
706,721,Evergreen,Hayman,1,0,30,4,Hayman,Extreme,"Downed trees, aspen, standing dead",Flat
707,722,Evergreen,Hayman,1,0,30,4,Hayman,Extreme,"Downed trees, aspen, standing dead",Flat
708,723,Evergreen,Hayman,1,0,30,4,Hayman,Extreme,"Downed trees, aspen, standing dead",Flat
709,724,Evergreen,Hayman,1,0,30,4,Hayman,Extreme,"Downed trees, aspen, standing dead",Flat
710,725,Evergreen,Hayman,1,0,30,4,Hayman,Extreme,"Downed trees, aspen, standing dead",Flat
711,726,Evergreen,Hayman,1,0,30,4,Hayman,Extreme,"Downed trees, aspen, standing dead",Flat
712,727,Evergreen,Hayman,1,0,30,4,Hayman,Extreme,"Downed trees, aspen, standing dead",Flat
713,728,Evergreen,Hayman,1,0,30,4,Hayman,Extreme,"Downed trees, aspen, standing dead",Flat
714,729,Standing Dead,Hayman,1,0,30,4,Hayman,Extreme,"Downed trees, aspen, standing dead",Flat
715,730,Evergreen,Hayman,1,0,30,4,Hayman,Extreme,"Downed trees, aspen, standing dead",Flat
716,731,Evergreen,Hayman,1,0,30,4,Hayman,Extreme,"Downed trees, aspen, standing dead",Flat
717,732,Evergreen,Hayman,1,0,30,4,Hayman,Extreme,"Downed trees, aspen, standing dead",Flat
718,733,Evergreen,Hayman,1,0,30,4,Hayman,Extreme,"Downed trees, aspen, standing dead",Flat
719,734,Evergreen,Hayman,1,0,30,4,Hayman,Extreme,"Downed trees, aspen, standing dead",Flat
720,735,Evergreen,Hayman,1,0,30,4,Hayman,Extreme,"Downed trees, aspen, standing dead",Flat
721,736,Evergreen,Hayman,1,0,30,4,Hayman,Extreme,"Downed trees, aspen, standing dead",Flat
722,737,Evergreen,Hayman,1,0,30,4,Hayman,Extreme,"Downed trees, aspen, standing dead",Flat
723,738,Evergreen,Hayman,1,0,30,4,Hayman,Extreme,"Downed trees, aspen, standing dead",Flat
724,739,Evergreen,Hayman,1,0,30,4,Hayman,Extreme,"Downed trees, aspen, standing dead",Flat
725,740,Evergreen,Hayman,1,0,30,4,Hayman,Extreme,"Downed trees, aspen, standing dead",Flat
726,741,Evergreen,Hayman,1,0,30,4,Hayman,Extreme,"Downed trees, aspen, standing dead",Flat
727,742,Evergreen,Hayman,1,0,30,4,Hayman,Extreme,"Downed trees, aspen, standing dead",Flat
728,743,Evergreen,Hayman,1,0,30,4,Hayman,Extreme,"Downed trees, aspen, standing dead",Flat
729,744,Evergreen,Hayman,1,0,30,4,Hayman,Extreme,"Downed trees, aspen, standing dead",Flat
730,745,Deciduous,Hayman,1,0,30,4,Hayman,Extreme,"Downed trees, aspen, standing dead",Flat
731,746,Evergreen,Hayman,1,0,30,4,Hayman,Extreme,"Downed trees, aspen, standing dead",Flat
732,748,Evergreen,Hayman,1,0,30,4,Hayman,Extreme,"Downed trees, aspen, standing dead",Flat
733,749,Evergreen,Hayman,1,0,30,4,Hayman,Extreme,"Downed trees, aspen, standing dead",Flat
734,750,Evergreen,Hayman,1,0,30,4,Hayman,Extreme,"Downed trees, aspen, standing dead",Flat
735,751,Evergreen,Hayman,1,0,30,4,Hayman,Extreme,"Downed trees, aspen, standing dead",Flat
736,752,Evergreen,Hayman,1,0,30,4,Hayman,Extreme,"Downed trees, aspen, standing dead",Flat
737,753,Evergreen,Hayman,1,0,30,4,Hayman,Extreme,"Downed trees, aspen, standing dead",Flat
738,754,Evergreen,Hayman,1,0,30,4,Hayman,Extreme,"Downed trees, aspen, standing dead",Flat
739,755,Evergreen,Hayman,1,0,30,4,Hayman,Extreme,"Downed trees, aspen, standing dead",Flat
740,756,Evergreen,Hayman,1,0,30,4,Hayman,Extreme,"Downed trees, aspen, standing dead",Flat
741,758,Evergreen,Hayman,1,0,30,4,Hayman,Extreme,"Downed trees, aspen, standing dead",Flat
742,759,Evergreen,Hayman,1,0,30,4,Hayman,Extreme,"Downed trees, aspen, standing dead",Flat
743,760,Evergreen,Hayman,1,0,30,4,Hayman,Extreme,"Downed trees, aspen, standing dead",Flat
744,761,Evergreen,Hayman,1,0,30,4,Hayman,Extreme,"Downed trees, aspen, standing dead",Flat
745,765,Evergreen,Hayman,1,0,30,4,Hayman,Extreme,"Downed trees, aspen, standing dead",Flat
746,766,Evergreen,Hayman,1,0,30,4,Hayman,Extreme,"Downed trees, aspen, standing dead",Flat
747,767,Evergreen,Hayman,1,0,30,4,Hayman,Extreme,"Downed trees, aspen, standing dead",Flat
748,768,Evergreen,Hayman,1,0,30,4,Hayman,Extreme,"Downed trees, aspen, standing dead",Flat
749,769,Evergreen,Hayman,1,0,30,4,Hayman,Extreme,"Downed trees, aspen, standing dead",Flat
750,770,Evergreen,Hayman,1,0,30,4,Hayman,Extreme,"Downed trees, aspen, standing dead",Flat
751,771,Evergreen,Hayman,1,0,30,4,Hayman,Extreme,"Downed trees, aspen, standing dead",Flat
752,772,Evergreen,Hayman,1,0,30,4,Hayman,Extreme,"Downed trees, aspen, standing dead",Flat
753,773,Evergreen,Hayman,1,0,30,4,Hayman,Extreme,"Downed trees, aspen, standing dead",Flat
754,774,Evergreen,Hayman,1,0,30,4,Hayman,Extreme,"Downed trees, aspen, standing dead",Flat
755,775,Evergreen,Hayman,1,0,30,4,Hayman,Extreme,"Downed trees, aspen, standing dead",Flat
756,776,Evergreen,Hayman,1,0,30,4,Hayman,Extreme,"Downed trees, aspen, standing dead",Flat
757,777,Evergreen,Hayman,1,0,30,4,Hayman,Extreme,"Downed trees, aspen, standing dead",Flat
758,778,Evergreen,Hayman,1,0,30,4,Hayman,Extreme,"Downed trees, aspen, standing dead",Flat
759,779,Evergreen,Hayman,1,0,30,4,Hayman,Extreme,"Downed trees, aspen, standing dead",Flat
760,780,Evergreen,Hayman,1,0,30,4,Hayman,Extreme,"Downed trees, aspen, standing dead",Flat
761,781,Evergreen,Hayman,1,0,30,4,Hayman,Extreme,"Downed trees, aspen, standing dead",Flat
762,782,Evergreen,Hayman,1,0,30,4,Hayman,Extreme,"Downed trees, aspen, standing dead",Flat
763,783,Evergreen,Hayman,1,0,30,4,Hayman,Extreme,"Downed trees, aspen, standing dead",Flat
764,784,Evergreen,Hayman,1,0,30,4,Hayman,Extreme,"Downed trees, aspen, standing dead",Flat
765,785,Evergreen,Hayman,1,0,30,4,Hayman,Extreme,"Downed trees, aspen, standing dead",Flat
766,786,Evergreen,Hayman,1,0,30,4,Hayman,Extreme,"Downed trees, aspen, standing dead",Flat
767,787,Evergreen,Hayman,1,0,30,4,Hayman,Extreme,"Downed trees, aspen, standing dead",Flat
768,788,Evergreen,Hayman,1,0,30,4,Hayman,Extreme,"Downed trees, aspen, standing dead",Flat
769,789,Evergreen,Hayman,1,0,30,4,Hayman,Extreme,"Downed trees, aspen, standing dead",Flat
770,790,Evergreen,Hayman,1,0,30,4,Hayman,Extreme,"Downed trees, aspen, standing dead",Flat
771,791,Evergreen,Hayman,1,0,30,4,Hayman,Extreme,"Downed trees, aspen, standing dead",Flat
772,792,Evergreen,Hayman,1,0,30,4,Hayman,Extreme,"Downed trees, aspen, standing dead",Flat
773,793,Evergreen,Hayman,1,0,30,4,Hayman,Extreme,"Downed trees, aspen, standing dead",Flat
774,794,Evergreen,Hayman,1,0,30,4,Hayman,Extreme,"Downed trees, aspen, standing dead",Flat
775,795,Evergreen,Hayman,1,0,30,4,Hayman,Extreme,"Downed trees, aspen, standing dead",Flat
776,796,Evergreen,Hayman,1,0,30,4,Hayman,Extreme,"Downed trees, aspen, standing dead",Flat
777,797,Evergreen,Hayman,1,0,30,4,Hayman,Extreme,"Downed trees, aspen, standing dead",Flat
1016,0,Woody Shrub,High Meadows,9,0,30,1,High Meadows,Moderate,Shrubs,Moderate
1017,0,Evergreen,High Meadows,9,0,30,1,High Meadows,Moderate,Shrubs,Moderate
1018,0,Evergreen,High Meadows,9,0,30,1,High Meadows,Moderate,Shrubs,Moderate
1019,0,Evergreen,High Meadows,9,0,30,1,High Meadows,Moderate,Shrubs,Moderate
1020,0,Evergreen,High Meadows,9,0,30,1,High Meadows,Moderate,Shrubs,Moderate
1023,0,Evergreen,High Meadows,9,0,30,1,High Meadows,Moderate,Shrubs,Moderate
1024,0,Evergreen,High Meadows,9,0,30,1,High Meadows,Moderate,Shrubs,Moderate
1025,0,Evergreen,High Meadows,9,0,30,1,High Meadows,Moderate,Shrubs,Moderate
1026,0,Evergreen,High Meadows,9,0,30,1,High Meadows,Moderate,Shrubs,Moderate
1027,0,Evergreen,High Meadows,9,0,30,1,High Meadows,Moderate,Shrubs,Moderate
1028,0,Evergreen,High Meadows,9,0,30,1,High Meadows,Moderate,Shrubs,Moderate
1029,0,Evergreen,High Meadows,9,0,30,1,High Meadows,Moderate,Shrubs,Moderate
1030,0,Evergreen,High Meadows,9,0,30,1,High Meadows,Moderate,Shrubs,Moderate
1031,0,Evergreen,High Meadows,9,0,30,1,High Meadows,Moderate,Shrubs,Moderate
1032,0,Evergreen,High Meadows,9,0,30,1,High Meadows,Moderate,Shrubs,Moderate
1033,0,Evergreen,High Meadows,9,0,30,1,High Meadows,Moderate,Shrubs,Moderate
1034,0,Evergreen,High Meadows,9,0,30,1,High Meadows,Moderate,Shrubs,Moderate
1035,0,Evergreen,High Meadows,9,0,30,1,High Meadows,Moderate,Shrubs,Moderate
1036,0,Evergreen,High Meadows,9,0,30,1,High Meadows,Moderate,Shrubs,Moderate
1037,0,Evergreen,High Meadows,9,0,30,1,High Meadows,Moderate,Shrubs,Moderate
1038,0,Evergreen,High Meadows,9,0,30,1,High Meadows,Moderate,Shrubs,Moderate
1039,0,Evergreen,High Meadows,9,0,30,1,High Meadows,Moderate,Shrubs,Moderate
1040,0,Evergreen,High Meadows,9,0,30,1,High Meadows,Moderate,Shrubs,Moderate
1041,0,Evergreen,High Meadows,9,0,30,1,High Meadows,Moderate,Shrubs,Moderate
1042,0,Evergreen,High Meadows,9,0,30,1,High Meadows,Moderate,Shrubs,Moderate
1043,0,Evergreen,High Meadows,9,0,30,1,High Meadows,Moderate,Shrubs,Moderate
1044,0,Evergreen,High Meadows,9,0,30,1,High Meadows,Moderate,Shrubs,Moderate
1054,0,Evergreen,High Meadows,9,0,30,1,High Meadows,Moderate,Shrubs,Moderate
1055,0,Evergreen,High Meadows,9,0,30,1,High Meadows,Moderate,Shrubs,Moderate
1056,0,Evergreen,High Meadows,9,0,30,1,High Meadows,Moderate,Shrubs,Moderate
1057,0,Evergreen,High Meadows,9,0,30,1,High Meadows,Moderate,Shrubs,Moderate
1058,0,Evergreen,High Meadows,9,0,30,1,High Meadows,Moderate,Shrubs,Moderate
1060,0,Evergreen,High Meadows,9,0,30,1,High Meadows,Moderate,Shrubs,Moderate
1061,0,Evergreen,High Meadows,9,0,30,1,High Meadows,Moderate,Shrubs,Moderate
1062,0,Evergreen,High Meadows,9,0,30,1,High Meadows,Moderate,Shrubs,Moderate
1063,0,Evergreen,High Meadows,9,0,30,1,High Meadows,Moderate,Shrubs,Moderate
1064,0,Evergreen,High Meadows,9,0,30,1,High Meadows,Moderate,Shrubs,Moderate
1065,0,Evergreen,High Meadows,9,0,30,1,High Meadows,Moderate,Shrubs,Moderate
1066,0,Evergreen,High Meadows,9,0,30,1,High Meadows,Moderate,Shrubs,Moderate
1067,0,Evergreen,High Meadows,9,0,30,1,High Meadows,Moderate,Shrubs,Moderate
1068,0,Evergreen,High Meadows,9,0,30,1,High Meadows,Moderate,Shrubs,Moderate
1069,0,Evergreen,High Meadows,9,0,30,1,High Meadows,Moderate,Shrubs,Moderate
1070,0,Evergreen,High Meadows,9,0,30,1,High Meadows,Moderate,Shrubs,Moderate
1071,0,Evergreen,High Meadows,9,0,30,1,High Meadows,Moderate,Shrubs,Moderate
1072,0,Evergreen,High Meadows,9,0,30,1,High Meadows,Moderate,Shrubs,Moderate
1073,0,Evergreen,High Meadows,9,0,30,1,High Meadows,Moderate,Shrubs,Moderate
1074,0,Evergreen,High Meadows,9,0,30,1,High Meadows,Moderate,Shrubs,Moderate
1075,0,Evergreen,High Meadows,9,0,30,1,High Meadows,Moderate,Shrubs,Moderate
1076,0,Evergreen,High Meadows,9,0,30,1,High Meadows,Moderate,Shrubs,Moderate
1094,0,Woody Shrub,High Meadows,9,0,30,1,High Meadows,Moderate,Shrubs,Moderate
1097,0,Woody Shrub,High Meadows,9,0,30,1,High Meadows,Moderate,Shrubs,Moderate
1098,0,Woody Shrub,High Meadows,9,0,30,1,High Meadows,Moderate,Shrubs,Moderate
1099,0,Woody Shrub,High Meadows,9,0,30,1,High Meadows,Moderate,Shrubs,Moderate
1100,0,Woody Shrub,High Meadows,9,0,30,1,High Meadows,Moderate,Shrubs,Moderate
1101,0,Woody Shrub,High Meadows,9,0,30,1,High Meadows,Moderate,Shrubs,Moderate
1102,0,Woody Shrub,High Meadows,9,0,30,1,High Meadows,Moderate,Shrubs,Moderate
1103,0,Woody Shrub,High Meadows,9,0,30,1,High Meadows,Moderate,Shrubs,Moderate
1104,0,Woody Shrub,High Meadows,9,0,30,1,High Meadows,Moderate,Shrubs,Moderate
1105,0,Woody Shrub,High Meadows,9,0,30,1,High Meadows,Moderate,Shrubs,Moderate
1106,0,Woody Shrub,High Meadows,9,0,30,1,High Meadows,Moderate,Shrubs,Moderate
1107,0,Woody Shrub,High Meadows,9,0,30,1,High Meadows,Moderate,Shrubs,Moderate
1108,0,Woody Shrub,High Meadows,9,0,30,1,High Meadows,Moderate,Shrubs,Moderate
1109,0,Woody Shrub,High Meadows,9,0,30,1,High Meadows,Moderate,Shrubs,Moderate
1110,0,Woody Shrub,High Meadows,9,0,30,1,High Meadows,Moderate,Shrubs,Moderate
1111,0,Woody Shrub,High Meadows,9,0,30,1,High Meadows,Moderate,Shrubs,Moderate
1112,0,Woody Shrub,High Meadows,9,0,30,1,High Meadows,Moderate,Shrubs,Moderate
67,68,Woody Shrub,High Meadows,4,0,30,7,High Meadows,High,"Large rocks, shrubs",Flat
68,69,Woody Shrub,High Meadows,4,0,30,7,High Meadows,High,"Large rocks, shrubs",Flat
69,70,Woody Shrub,High Meadows,4,0,30,7,High Meadows,High,"Large rocks, shrubs",Flat
70,71,Woody Shrub,High Meadows,4,0,30,7,High Meadows,High,"Large rocks, shrubs",Flat
71,72,Woody Shrub,High Meadows,4,0,30,7,High Meadows,High,"Large rocks, shrubs",Flat
72,73,Woody Shrub,High Meadows,4,0,30,7,High Meadows,High,"Large rocks, shrubs",Flat
73,74,Woody Shrub,High Meadows,4,0,30,7,High Meadows,High,"Large rocks, shrubs",Flat
74,75,Woody Shrub,High Meadows,4,0,30,7,High Meadows,High,"Large rocks, shrubs",Flat
75,76,Woody Shrub,High Meadows,4,0,30,7,High Meadows,High,"Large rocks, shrubs",Flat
76,77,Woody Shrub,High Meadows,4,0,30,7,High Meadows,High,"Large rocks, shrubs",Flat
77,78,Woody Shrub,High Meadows,4,0,30,7,High Meadows,High,"Large rocks, shrubs",Flat
78,79,Woody Shrub,High Meadows,4,0,30,7,High Meadows,High,"Large rocks, shrubs",Flat
79,80,Woody Shrub,High Meadows,4,0,30,7,High Meadows,High,"Large rocks, shrubs",Flat
80,81,Woody Shrub,High Meadows,4,0,30,7,High Meadows,High,"Large rocks, shrubs",Flat
81,82,Woody Shrub,High Meadows,4,0,30,7,High Meadows,High,"Large rocks, shrubs",Flat
82,83,Woody Shrub,High Meadows,4,0,30,7,High Meadows,High,"Large rocks, shrubs",Flat
83,84,Woody Shrub,High Meadows,4,0,30,7,High Meadows,High,"Large rocks, shrubs",Flat
84,85,Woody Shrub,High Meadows,4,0,30,7,High Meadows,High,"Large rocks, shrubs",Flat
85,86,Woody Shrub,High Meadows,4,0,30,7,High Meadows,High,"Large rocks, shrubs",Flat
86,87,Woody Shrub,High Meadows,4,0,30,7,High Meadows,High,"Large rocks, shrubs",Flat
87,88,Woody Shrub,High Meadows,4,0,30,7,High Meadows,High,"Large rocks, shrubs",Flat
88,89,Woody Shrub,High Meadows,4,0,30,7,High Meadows,High,"Large rocks, shrubs",Flat
89,90,Woody Shrub,High Meadows,4,0,30,7,High Meadows,High,"Large rocks, shrubs",Flat
90,91,Woody Shrub,High Meadows,4,0,30,7,High Meadows,High,"Large rocks, shrubs",Flat
91,92,Woody Shrub,High Meadows,4,0,30,7,High Meadows,High,"Large rocks, shrubs",Flat
92,93,Woody Shrub,High Meadows,4,0,30,7,High Meadows,High,"Large rocks, shrubs",Flat
93,94,Woody Shrub,High Meadows,4,0,30,7,High Meadows,High,"Large rocks, shrubs",Flat
94,95,Woody Shrub,High Meadows,4,0,30,7,High Meadows,High,"Large rocks, shrubs",Flat
95,96,Woody Shrub,High Meadows,4,0,30,7,High Meadows,High,"Large rocks, shrubs",Flat
96,97,Woody Shrub,High Meadows,4,0,30,7,High Meadows,High,"Large rocks, shrubs",Flat
97,98,Woody Shrub,High Meadows,4,0,30,7,High Meadows,High,"Large rocks, shrubs",Flat
98,99,Woody Shrub,High Meadows,4,0,30,7,High Meadows,High,"Large rocks, shrubs",Flat
99,100,Woody Shrub,High Meadows,4,0,30,7,High Meadows,High,"Large rocks, shrubs",Flat
100,101,Woody Shrub,High Meadows,4,0,30,7,High Meadows,High,"Large rocks, shrubs",Flat
101,102,Woody Shrub,High Meadows,4,0,30,7,High Meadows,High,"Large rocks, shrubs",Flat
102,103,Woody Shrub,High Meadows,4,0,30,7,High Meadows,High,"Large rocks, shrubs",Flat
103,104,Woody Shrub,High Meadows,4,0,30,7,High Meadows,High,"Large rocks, shrubs",Flat
104,105,Woody Shrub,High Meadows,4,0,30,7,High Meadows,High,"Large rocks, shrubs",Flat
105,106,Woody Shrub,High Meadows,4,0,30,7,High Meadows,High,"Large rocks, shrubs",Flat
106,107,Woody Shrub,High Meadows,4,0,30,7,High Meadows,High,"Large rocks, shrubs",Flat
107,108,Woody Shrub,High Meadows,4,0,30,7,High Meadows,High,"Large rocks, shrubs",Flat
108,109,Woody Shrub,High Meadows,4,0,30,7,High Meadows,High,"Large rocks, shrubs",Flat
109,110,Woody Shrub,High Meadows,4,0,30,7,High Meadows,High,"Large rocks, shrubs",Flat
110,111,Woody Shrub,High Meadows,4,0,30,7,High Meadows,High,"Large rocks, shrubs",Flat
111,112,Woody Shrub,High Meadows,4,0,30,7,High Meadows,High,"Large rocks, shrubs",Flat
112,113,Woody Shrub,High Meadows,4,0,30,7,High Meadows,High,"Large rocks, shrubs",Flat
113,114,Woody Shrub,High Meadows,4,0,30,7,High Meadows,High,"Large rocks, shrubs",Flat
114,115,Evergreen,High Meadows,4,0,30,7,High Meadows,High,"Large rocks, shrubs",Flat
115,116,Evergreen,High Meadows,4,0,30,7,High Meadows,High,"Large rocks, shrubs",Flat
116,117,Evergreen,High Meadows,4,0,30,7,High Meadows,High,"Large rocks, shrubs",Flat
117,118,Woody Shrub,High Meadows,4,0,30,7,High Meadows,High,"Large rocks, shrubs",Flat
118,119,Woody Shrub,High Meadows,4,0,30,7,High Meadows,High,"Large rocks, shrubs",Flat
119,120,Woody Shrub,High Meadows,4,0,30,7,High Meadows,High,"Large rocks, shrubs",Flat
120,121,Woody Shrub,High Meadows,4,0,30,7,High Meadows,High,"Large rocks, shrubs",Flat
121,122,Woody Shrub,High Meadows,4,0,30,7,High Meadows,High,"Large rocks, shrubs",Flat
122,123,Woody Shrub,High Meadows,4,0,30,7,High Meadows,High,"Large rocks, shrubs",Flat
123,124,Woody Shrub,High Meadows,4,0,30,7,High Meadows,High,"Large rocks, shrubs",Flat
124,125,Woody Shrub,High Meadows,4,0,30,7,High Meadows,High,"Large rocks, shrubs",Flat
125,126,Woody Shrub,High Meadows,4,0,30,7,High Meadows,High,"Large rocks, shrubs",Flat
126,127,Woody Shrub,High Meadows,4,0,30,7,High Meadows,High,"Large rocks, shrubs",Flat
127,128,Woody Shrub,High Meadows,4,0,30,7,High Meadows,High,"Large rocks, shrubs",Flat
129,130,Woody Shrub,High Meadows,4,0,30,7,High Meadows,High,"Large rocks, shrubs",Flat
130,131,Woody Shrub,High Meadows,4,0,30,7,High Meadows,High,"Large rocks, shrubs",Flat
132,133,Woody Shrub,High Meadows,4,0,30,7,High Meadows,High,"Large rocks, shrubs",Flat
133,134,Woody Shrub,High Meadows,4,0,30,7,High Meadows,High,"Large rocks, shrubs",Flat
135,136,Evergreen,High Meadows,4,0,30,7,High Meadows,High,"Large rocks, shrubs",Flat
229,230,Woody Shrub,High Meadows,4,0,30,7,High Meadows,High,"Large rocks, shrubs",Flat
230,231,Evergreen,High Meadows,4,0,30,7,High Meadows,High,"Large rocks, shrubs",Flat
231,232,Woody Shrub,High Meadows,4,0,30,7,High Meadows,High,"Large rocks, shrubs",Flat
232,233,Woody Shrub,High Meadows,4,0,30,7,High Meadows,High,"Large rocks, shrubs",Flat
233,234,Woody Shrub,High Meadows,4,0,30,7,High Meadows,High,"Large rocks, shrubs",Flat
234,235,Woody Shrub,High Meadows,4,0,30,7,High Meadows,High,"Large rocks, shrubs",Flat
235,236,Standing Dead,High Meadows,4,0,30,7,High Meadows,High,"Large rocks, shrubs",Flat
236,237,Woody Shrub,High Meadows,4,0,30,7,High Meadows,High,"Large rocks, shrubs",Flat
237,238,Woody Shrub,High Meadows,4,0,30,7,High Meadows,High,"Large rocks, shrubs",Flat
238,239,Woody Shrub,High Meadows,4,0,30,7,High Meadows,High,"Large rocks, shrubs",Flat
239,240,Woody Shrub,High Meadows,4,0,30,7,High Meadows,High,"Large rocks, shrubs",Flat
240,241,Woody Shrub,High Meadows,4,0,30,7,High Meadows,High,"Large rocks, shrubs",Flat
241,242,Woody Shrub,High Meadows,4,0,30,7,High Meadows,High,"Large rocks, shrubs",Flat
247,248,Woody Shrub,High Meadows,4,0,30,7,High Meadows,High,"Large rocks, shrubs",Flat
248,249,Woody Shrub,High Meadows,4,0,30,7,High Meadows,High,"Large rocks, shrubs",Flat
249,250,Woody Shrub,High Meadows,4,0,30,7,High Meadows,High,"Large rocks, shrubs",Flat
250,251,Woody Shrub,High Meadows,4,0,30,7,High Meadows,High,"Large rocks, shrubs",Flat
251,252,Woody Shrub,High Meadows,4,0,30,7,High Meadows,High,"Large rocks, shrubs",Flat
252,253,Woody Shrub,High Meadows,4,0,30,7,High Meadows,High,"Large rocks, shrubs",Flat
253,254,Woody Shrub,High Meadows,4,0,30,7,High Meadows,High,"Large rocks, shrubs",Flat
254,255,Woody Shrub,High Meadows,4,0,30,7,High Meadows,High,"Large rocks, shrubs",Flat
255,256,Woody Shrub,High Meadows,4,0,30,7,High Meadows,High,"Large rocks, shrubs",Flat
256,257,Woody Shrub,High Meadows,4,0,30,7,High Meadows,High,"Large rocks, shrubs",Flat
257,258,Woody Shrub,High Meadows,4,0,30,7,High Meadows,High,"Large rocks, shrubs",Flat
264,265,Woody Shrub,High Meadows,4,0,30,7,High Meadows,High,"Large rocks, shrubs",Flat
265,266,Woody Shrub,High Meadows,4,0,30,7,High Meadows,High,"Large rocks, shrubs",Flat
266,267,Woody Shrub,High Meadows,4,0,30,7,High Meadows,High,"Large rocks, shrubs",Flat
267,268,Woody Shrub,High Meadows,4,0,30,7,High Meadows,High,"Large rocks, shrubs",Flat
268,269,Woody Shrub,High Meadows,4,0,30,7,High Meadows,High,"Large rocks, shrubs",Flat
269,270,Woody Shrub,High Meadows,4,0,30,7,High Meadows,High,"Large rocks, shrubs",Flat
270,271,Woody Shrub,High Meadows,4,0,30,7,High Meadows,High,"Large rocks, shrubs",Flat
271,272,Woody Shrub,High Meadows,4,0,30,7,High Meadows,High,"Large rocks, shrubs",Flat
272,273,Woody Shrub,High Meadows,4,0,30,7,High Meadows,High,"Large rocks, shrubs",Flat
273,274,Woody Shrub,High Meadows,4,0,30,7,High Meadows,High,"Large rocks, shrubs",Flat
274,275,Woody Shrub,High Meadows,4,0,30,7,High Meadows,High,"Large rocks, shrubs",Flat
275,276,Woody Shrub,High Meadows,4,0,30,7,High Meadows,High,"Large rocks, shrubs",Flat
276,277,Evergreen,High Meadows,4,0,30,7,High Meadows,High,"Large rocks, shrubs",Flat
277,278,Woody Shrub,High Meadows,4,0,30,7,High Meadows,High,"Large rocks, shrubs",Flat
278,279,Woody Shrub,High Meadows,4,0,30,7,High Meadows,High,"Large rocks, shrubs",Flat
279,280,Woody Shrub,High Meadows,4,0,30,7,High Meadows,High,"Large rocks, shrubs",Flat
280,281,Woody Shrub,High Meadows,4,0,30,7,High Meadows,High,"Large rocks, shrubs",Flat
281,282,Woody Shrub,High Meadows,4,0,30,7,High Meadows,High,"Large rocks, shrubs",Flat
282,283,Woody Shrub,High Meadows,4,0,30,7,High Meadows,High,"Large rocks, shrubs",Flat
283,284,Woody Shrub,High Meadows,4,0,30,7,High Meadows,High,"Large rocks, shrubs",Flat
284,285,Woody Shrub,High Meadows,4,0,30,7,High Meadows,High,"Large rocks, shrubs",Flat
285,286,Woody Shrub,High Meadows,4,0,30,7,High Meadows,High,"Large rocks, shrubs",Flat
286,287,Woody Shrub,High Meadows,4,0,30,7,High Meadows,High,"Large rocks, shrubs",Flat
287,288,Woody Shrub,High Meadows,4,0,30,7,High Meadows,High,"Large rocks, shrubs",Flat
288,289,Woody Shrub,High Meadows,4,0,30,7,High Meadows,High,"Large rocks, shrubs",Flat
289,290,Woody Shrub,High Meadows,4,0,30,7,High Meadows,High,"Large rocks, shrubs",Flat
290,291,Woody Shrub,High Meadows,4,0,30,7,High Meadows,High,"Large rocks, shrubs",Flat
291,292,Woody Shrub,High Meadows,4,0,30,7,High Meadows,High,"Large rocks, shrubs",Flat
292,293,Woody Shrub,High Meadows,4,0,30,7,High Meadows,High,"Large rocks, shrubs",Flat
293,294,Woody Shrub,High Meadows,4,0,30,7,High Meadows,High,"Large rocks, shrubs",Flat
294,295,Woody Shrub,High Meadows,4,0,30,7,High Meadows,High,"Large rocks, shrubs",Flat
295,296,Woody Shrub,High Meadows,4,0,30,7,High Meadows,High,"Large rocks, shrubs",Flat
296,297,Woody Shrub,High Meadows,4,0,30,7,High Meadows,High,"Large rocks, shrubs",Flat
297,298,Woody Shrub,High Meadows,4,0,30,7,High Meadows,High,"Large rocks, shrubs",Flat
298,299,Woody Shrub,High Meadows,4,0,30,7,High Meadows,High,"Large rocks, shrubs",Flat
299,300,Woody Shrub,High Meadows,4,0,30,7,High Meadows,High,"Large rocks, shrubs",Flat
300,301,Woody Shrub,High Meadows,4,0,30,7,High Meadows,High,"Large rocks, shrubs",Flat
301,302,Woody Shrub,High Meadows,4,0,30,7,High Meadows,High,"Large rocks, shrubs",Flat
302,303,Woody Shrub,High Meadows,4,0,30,7,High Meadows,High,"Large rocks, shrubs",Flat
303,304,Woody Shrub,High Meadows,4,0,30,7,High Meadows,High,"Large rocks, shrubs",Flat
304,305,Woody Shrub,High Meadows,4,0,30,7,High Meadows,High,"Large rocks, shrubs",Flat
305,306,Woody Shrub,High Meadows,4,0,30,7,High Meadows,High,"Large rocks, shrubs",Flat
306,307,Woody Shrub,High Meadows,4,0,30,7,High Meadows,High,"Large rocks, shrubs",Flat
307,308,Woody Shrub,High Meadows,4,0,30,7,High Meadows,High,"Large rocks, shrubs",Flat
308,309,Woody Shrub,High Meadows,4,0,30,7,High Meadows,High,"Large rocks, shrubs",Flat
309,310,Woody Shrub,High Meadows,4,0,30,7,High Meadows,High,"Large rocks, shrubs",Flat
310,311,Woody Shrub,High Meadows,4,0,30,7,High Meadows,High,"Large rocks, shrubs",Flat
311,312,Woody Shrub,High Meadows,4,0,30,7,High Meadows,High,"Large rocks, shrubs",Flat
312,313,Woody Shrub,High Meadows,4,0,30,7,High Meadows,High,"Large rocks, shrubs",Flat
313,314,Woody Shrub,High Meadows,4,0,30,7,High Meadows,High,"Large rocks, shrubs",Flat
314,315,Woody Shrub,High Meadows,4,0,30,7,High Meadows,High,"Large rocks, shrubs",Flat
315,316,Woody Shrub,High Meadows,4,0,30,7,High Meadows,High,"Large rocks, shrubs",Flat
316,317,Woody Shrub,High Meadows,4,0,30,7,High Meadows,High,"Large rocks, shrubs",Flat
317,318,Woody Shrub,High Meadows,4,0,30,7,High Meadows,High,"Large rocks, shrubs",Flat
318,319,Woody Shrub,High Meadows,4,0,30,7,High Meadows,High,"Large rocks, shrubs",Flat
319,320,Woody Shrub,High Meadows,4,0,30,7,High Meadows,High,"Large rocks, shrubs",Flat
320,321,Woody Shrub,High Meadows,4,0,30,7,High Meadows,High,"Large rocks, shrubs",Flat
321,322,Woody Shrub,High Meadows,4,0,30,7,High Meadows,High,"Large rocks, shrubs",Flat
322,323,Woody Shrub,High Meadows,4,0,30,7,High Meadows,High,"Large rocks, shrubs",Flat
0,1,Woody Shrub,High Meadows,0,0,30,3,High Meadows,High,Shrubs,Flat
1,2,Woody Shrub,High Meadows,0,0,30,3,High Meadows,High,Shrubs,Flat
2,3,Woody Shrub,High Meadows,0,0,30,3,High Meadows,High,Shrubs,Flat
3,4,Woody Shrub,High Meadows,0,0,30,3,High Meadows,High,Shrubs,Flat
4,5,Woody Shrub,High Meadows,0,0,30,3,High Meadows,High,Shrubs,Flat
5,6,Woody Shrub,High Meadows,0,0,30,3,High Meadows,High,Shrubs,Flat
6,7,Woody Shrub,High Meadows,0,0,30,3,High Meadows,High,Shrubs,Flat
7,8,Woody Shrub,High Meadows,0,0,30,3,High Meadows,High,Shrubs,Flat
8,9,Woody Shrub,High Meadows,0,0,30,3,High Meadows,High,Shrubs,Flat
9,10,Woody Shrub,High Meadows,0,0,30,3,High Meadows,High,Shrubs,Flat
10,11,Woody Shrub,High Meadows,0,0,30,3,High Meadows,High,Shrubs,Flat
11,12,Evergreen,High Meadows,0,0,30,3,High Meadows,High,Shrubs,Flat
12,13,Evergreen,High Meadows,0,0,30,3,High Meadows,High,Shrubs,Flat
13,14,Evergreen,High Meadows,0,0,30,3,High Meadows,High,Shrubs,Flat
14,15,Evergreen,High Meadows,0,0,30,3,High Meadows,High,Shrubs,Flat
15,16,Evergreen,High Meadows,0,0,30,3,High Meadows,High,Shrubs,Flat
16,17,Evergreen,High Meadows,0,0,30,3,High Meadows,High,Shrubs,Flat
17,18,Evergreen,High Meadows,0,0,30,3,High Meadows,High,Shrubs,Flat
18,19,Evergreen,High Meadows,0,0,30,3,High Meadows,High,Shrubs,Flat
19,20,Evergreen,High Meadows,0,0,30,3,High Meadows,High,Shrubs,Flat
20,21,Evergreen,High Meadows,0,0,30,3,High Meadows,High,Shrubs,Flat
21,22,Evergreen,High Meadows,0,0,30,3,High Meadows,High,Shrubs,Flat
22,23,Evergreen,High Meadows,0,0,30,3,High Meadows,High,Shrubs,Flat
23,24,Evergreen,High Meadows,0,0,30,3,High Meadows,High,Shrubs,Flat
24,25,Evergreen,High Meadows,0,0,30,3,High Meadows,High,Shrubs,Flat
25,26,Evergreen,High Meadows,0,0,30,3,High Meadows,High,Shrubs,Flat
26,27,Evergreen,High Meadows,0,0,30,3,High Meadows,High,Shrubs,Flat
27,28,Evergreen,High Meadows,0,0,30,3,High Meadows,High,Shrubs,Flat
28,29,Evergreen,High Meadows,0,0,30,3,High Meadows,High,Shrubs,Flat
29,30,Evergreen,High Meadows,0,0,30,3,High Meadows,High,Shrubs,Flat
30,31,Evergreen,High Meadows,0,0,30,3,High Meadows,High,Shrubs,Flat
31,32,Evergreen,High Meadows,0,0,30,3,High Meadows,High,Shrubs,Flat
32,33,Evergreen,High Meadows,0,0,30,3,High Meadows,High,Shrubs,Flat
33,34,Evergreen,High Meadows,0,0,30,3,High Meadows,High,Shrubs,Flat
34,35,Evergreen,High Meadows,0,0,30,3,High Meadows,High,Shrubs,Flat
35,36,Evergreen,High Meadows,0,0,30,3,High Meadows,High,Shrubs,Flat
36,37,Evergreen,High Meadows,0,0,30,3,High Meadows,High,Shrubs,Flat
37,38,Evergreen,High Meadows,0,0,30,3,High Meadows,High,Shrubs,Flat
38,39,Evergreen,High Meadows,0,0,30,3,High Meadows,High,Shrubs,Flat
39,40,Evergreen,High Meadows,0,0,30,3,High Meadows,High,Shrubs,Flat
40,41,Evergreen,High Meadows,0,0,30,3,High Meadows,High,Shrubs,Flat
41,42,Evergreen,High Meadows,0,0,30,3,High Meadows,High,Shrubs,Flat
42,43,Evergreen,High Meadows,0,0,30,3,High Meadows,High,Shrubs,Flat
43,44,Evergreen,High Meadows,0,0,30,3,High Meadows,High,Shrubs,Flat
44,45,Evergreen,High Meadows,0,0,30,3,High Meadows,High,Shrubs,Flat
45,46,Evergreen,High Meadows,0,0,30,3,High Meadows,High,Shrubs,Flat
46,47,Evergreen,High Meadows,0,0,30,3,High Meadows,High,Shrubs,Flat
47,48,Evergreen,High Meadows,0,0,30,3,High Meadows,High,Shrubs,Flat
48,49,Evergreen,High Meadows,0,0,30,3,High Meadows,High,Shrubs,Flat
49,50,Evergreen,High Meadows,0,0,30,3,High Meadows,High,Shrubs,Flat
50,51,Evergreen,High Meadows,0,0,30,3,High Meadows,High,Shrubs,Flat
51,52,Evergreen,High Meadows,0,0,30,3,High Meadows,High,Shrubs,Flat
52,53,Evergreen,High Meadows,0,0,30,3,High Meadows,High,Shrubs,Flat
53,54,Evergreen,High Meadows,0,0,30,3,High Meadows,High,Shrubs,Flat
54,55,Evergreen,High Meadows,0,0,30,3,High Meadows,High,Shrubs,Flat
55,56,Evergreen,High Meadows,0,0,30,3,High Meadows,High,Shrubs,Flat
56,57,Evergreen,High Meadows,0,0,30,3,High Meadows,High,Shrubs,Flat
57,58,Evergreen,High Meadows,0,0,30,3,High Meadows,High,Shrubs,Flat
58,59,Evergreen,High Meadows,0,0,30,3,High Meadows,High,Shrubs,Flat
59,60,Evergreen,High Meadows,0,0,30,3,High Meadows,High,Shrubs,Flat
60,61,Evergreen,High Meadows,0,0,30,3,High Meadows,High,Shrubs,Flat
61,62,Evergreen,High Meadows,0,0,30,3,High Meadows,High,Shrubs,Flat
62,63,Evergreen,High Meadows,0,0,30,3,High Meadows,High,Shrubs,Flat
63,64,Evergreen,High Meadows,0,0,30,3,High Meadows,High,Shrubs,Flat
64,65,Evergreen,High Meadows,0,0,30,3,High Meadows,High,Shrubs,Flat
65,66,Evergreen,High Meadows,0,0,30,3,High Meadows,High,Shrubs,Flat
66,67,Evergreen,High Meadows,0,0,30,3,High Meadows,High,Shrubs,Flat
136,137,Evergreen,High Meadows,0,0,30,3,High Meadows,High,Shrubs,Flat
137,138,Evergreen,High Meadows,0,0,30,3,High Meadows,High,Shrubs,Flat
138,139,Evergreen,High Meadows,0,0,30,3,High Meadows,High,Shrubs,Flat
139,140,Evergreen,High Meadows,0,0,30,3,High Meadows,High,Shrubs,Flat
140,141,Evergreen,High Meadows,0,0,30,3,High Meadows,High,Shrubs,Flat
141,142,Evergreen,High Meadows,0,0,30,3,High Meadows,High,Shrubs,Flat
142,143,Evergreen,High Meadows,0,0,30,3,High Meadows,High,Shrubs,Flat
143,144,Evergreen,High Meadows,0,0,30,3,High Meadows,High,Shrubs,Flat
144,145,Evergreen,High Meadows,0,0,30,3,High Meadows,High,Shrubs,Flat
145,146,Evergreen,High Meadows,0,0,30,3,High Meadows,High,Shrubs,Flat
146,147,Evergreen,High Meadows,0,0,30,3,High Meadows,High,Shrubs,Flat
147,148,Evergreen,High Meadows,0,0,30,3,High Meadows,High,Shrubs,Flat
148,149,Evergreen,High Meadows,0,0,30,3,High Meadows,High,Shrubs,Flat
149,150,Evergreen,High Meadows,0,0,30,3,High Meadows,High,Shrubs,Flat
150,151,Evergreen,High Meadows,0,0,30,3,High Meadows,High,Shrubs,Flat
151,152,Evergreen,High Meadows,0,0,30,3,High Meadows,High,Shrubs,Flat
152,153,Evergreen,High Meadows,0,0,30,3,High Meadows,High,Shrubs,Flat
153,154,Evergreen,High Meadows,0,0,30,3,High Meadows,High,Shrubs,Flat
154,155,Evergreen,High Meadows,0,0,30,3,High Meadows,High,Shrubs,Flat
155,156,Evergreen,High Meadows,0,0,30,3,High Meadows,High,Shrubs,Flat
156,157,Evergreen,High Meadows,0,0,30,3,High Meadows,High,Shrubs,Flat
157,158,Evergreen,High Meadows,0,0,30,3,High Meadows,High,Shrubs,Flat
158,159,Evergreen,High Meadows,0,0,30,3,High Meadows,High,Shrubs,Flat
159,160,Evergreen,High Meadows,0,0,30,3,High Meadows,High,Shrubs,Flat
160,161,Evergreen,High Meadows,0,0,30,3,High Meadows,High,Shrubs,Flat
161,162,Evergreen,High Meadows,0,0,30,3,High Meadows,High,Shrubs,Flat
162,163,Evergreen,High Meadows,0,0,30,3,High Meadows,High,Shrubs,Flat
163,164,Evergreen,High Meadows,0,0,30,3,High Meadows,High,Shrubs,Flat
164,165,Evergreen,High Meadows,0,0,30,3,High Meadows,High,Shrubs,Flat
165,166,Evergreen,High Meadows,0,0,30,3,High Meadows,High,Shrubs,Flat
166,167,Evergreen,High Meadows,0,0,30,3,High Meadows,High,Shrubs,Flat
167,168,Evergreen,High Meadows,0,0,30,3,High Meadows,High,Shrubs,Flat
168,169,Evergreen,High Meadows,0,0,30,3,High Meadows,High,Shrubs,Flat
169,170,Evergreen,High Meadows,0,0,30,3,High Meadows,High,Shrubs,Flat
170,171,Evergreen,High Meadows,0,0,30,3,High Meadows,High,Shrubs,Flat
171,172,Evergreen,High Meadows,0,0,30,3,High Meadows,High,Shrubs,Flat
172,173,Evergreen,High Meadows,0,0,30,3,High Meadows,High,Shrubs,Flat
173,174,Evergreen,High Meadows,0,0,30,3,High Meadows,High,Shrubs,Flat
174,175,Evergreen,High Meadows,0,0,30,3,High Meadows,High,Shrubs,Flat
175,176,Evergreen,High Meadows,0,0,30,3,High Meadows,High,Shrubs,Flat
176,177,Evergreen,High Meadows,0,0,30,3,High Meadows,High,Shrubs,Flat
177,178,Evergreen,High Meadows,0,0,30,3,High Meadows,High,Shrubs,Flat
178,179,Evergreen,High Meadows,0,0,30,3,High Meadows,High,Shrubs,Flat
179,180,Evergreen,High Meadows,0,0,30,3,High Meadows,High,Shrubs,Flat
180,181,Evergreen,High Meadows,0,0,30,3,High Meadows,High,Shrubs,Flat
181,182,Evergreen,High Meadows,0,0,30,3,High Meadows,High,Shrubs,Flat
182,183,Evergreen,High Meadows,0,0,30,3,High Meadows,High,Shrubs,Flat
183,184,Evergreen,High Meadows,0,0,30,3,High Meadows,High,Shrubs,Flat
184,185,Evergreen,High Meadows,0,0,30,3,High Meadows,High,Shrubs,Flat
185,186,Evergreen,High Meadows,0,0,30,3,High Meadows,High,Shrubs,Flat
186,187,Evergreen,High Meadows,0,0,30,3,High Meadows,High,Shrubs,Flat
187,188,Evergreen,High Meadows,0,0,30,3,High Meadows,High,Shrubs,Flat
188,189,Evergreen,High Meadows,0,0,30,3,High Meadows,High,Shrubs,Flat
189,190,Evergreen,High Meadows,0,0,30,3,High Meadows,High,Shrubs,Flat
190,191,Evergreen,High Meadows,0,0,30,3,High Meadows,High,Shrubs,Flat
191,192,Evergreen,High Meadows,0,0,30,3,High Meadows,High,Shrubs,Flat
192,193,Evergreen,High Meadows,0,0,30,3,High Meadows,High,Shrubs,Flat
193,194,Evergreen,High Meadows,0,0,30,3,High Meadows,High,Shrubs,Flat
194,195,Evergreen,High Meadows,0,0,30,3,High Meadows,High,Shrubs,Flat
195,196,Evergreen,High Meadows,0,0,30,3,High Meadows,High,Shrubs,Flat
196,197,Evergreen,High Meadows,0,0,30,3,High Meadows,High,Shrubs,Flat
197,198,Evergreen,High Meadows,0,0,30,3,High Meadows,High,Shrubs,Flat
198,199,Evergreen,High Meadows,0,0,30,3,High Meadows,High,Shrubs,Flat
199,200,Evergreen,High Meadows,0,0,30,3,High Meadows,High,Shrubs,Flat
200,201,Evergreen,High Meadows,0,0,30,3,High Meadows,High,Shrubs,Flat
201,202,Evergreen,High Meadows,0,0,30,3,High Meadows,High,Shrubs,Flat
202,203,Evergreen,High Meadows,0,0,30,3,High Meadows,High,Shrubs,Flat
203,204,Evergreen,High Meadows,0,0,30,3,High Meadows,High,Shrubs,Flat
204,205,Evergreen,High Meadows,0,0,30,3,High Meadows,High,Shrubs,Flat
205,206,Evergreen,High Meadows,0,0,30,3,High Meadows,High,Shrubs,Flat
206,207,Evergreen,High Meadows,0,0,30,3,High Meadows,High,Shrubs,Flat
207,208,Evergreen,High Meadows,0,0,30,3,High Meadows,High,Shrubs,Flat
208,209,Evergreen,High Meadows,0,0,30,3,High Meadows,High,Shrubs,Flat
209,210,Evergreen,High Meadows,0,0,30,3,High Meadows,High,Shrubs,Flat
210,211,Evergreen,High Meadows,0,0,30,3,High Meadows,High,Shrubs,Flat
211,212,Evergreen,High Meadows,0,0,30,3,High Meadows,High,Shrubs,Flat
212,213,Evergreen,High Meadows,0,0,30,3,High Meadows,High,Shrubs,Flat
213,214,Evergreen,High Meadows,0,0,30,3,High Meadows,High,Shrubs,Flat
214,215,Evergreen,High Meadows,0,0,30,3,High Meadows,High,Shrubs,Flat
215,216,Evergreen,High Meadows,0,0,30,3,High Meadows,High,Shrubs,Flat
216,217,Evergreen,High Meadows,0,0,30,3,High Meadows,High,Shrubs,Flat
217,218,Evergreen,High Meadows,0,0,30,3,High Meadows,High,Shrubs,Flat
218,219,Evergreen,High Meadows,0,0,30,3,High Meadows,High,Shrubs,Flat
219,220,Evergreen,High Meadows,0,0,30,3,High Meadows,High,Shrubs,Flat
220,221,Evergreen,High Meadows,0,0,30,3,High Meadows,High,Shrubs,Flat
221,222,Evergreen,High Meadows,0,0,30,3,High Meadows,High,Shrubs,Flat
222,223,Evergreen,High Meadows,0,0,30,3,High Meadows,High,Shrubs,Flat
223,224,Evergreen,High Meadows,0,0,30,3,High Meadows,High,Shrubs,Flat
224,225,Evergreen,High Meadows,0,0,30,3,High Meadows,High,Shrubs,Flat
225,226,Evergreen,High Meadows,0,0,30,3,High Meadows,High,Shrubs,Flat
226,227,Evergreen,High Meadows,0,0,30,3,High Meadows,High,Shrubs,Flat
227,228,Evergreen,High Meadows,0,0,30,3,High Meadows,High,Shrubs,Flat
228,229,Evergreen,High Meadows,0,0,30,3,High Meadows,High,Shrubs,Flat
